timestamps,open,high,low,close,volume
2021-08-27,115.96666717529297,123.23332977294922,114.66666412353516,121.13333129882812,1552447
2021-08-30,122.23332977294922,128.86666870117188,120.33333587646484,125.66666412353516,3049767
2021-08-31,125.63333129882812,125.63333129882812,122.13333129882812,122.5999984741211,1119669
2021-09-01,121.73332977294922,124.46666717529297,120.80000305175781,121.43333435058594,1025770
2021-09-02,121.5,122.63333129882812,120.13333129882812,121.30000305175781,577833
2021-09-03,120.66666412353516,122.43333435058594,119.5999984741211,119.96666717529297,873028
2021-09-06,118.33333587646484,120.06666564941406,117.46666717529297,117.96666717529297,779058
2021-09-07,118.0999984741211,120.5,116.73332977294922,118.76666259765625,881242
2021-09-08,118.86666870117188,121.0,118.06666564941406,119.33333587646484,687609
2021-09-09,119.06666564941406,120.33333587646484,118.69999694824219,119.63333129882812,500469
2021-09-13,118.66666412353516,123.56666564941406,117.69999694824219,121.06666564941406,1033299
2021-09-14,121.69999694824219,123.13333129882812,120.33333587646484,120.86666870117188,985774
2021-09-15,121.26666259765625,125.69999694824219,120.83333587646484,122.56666564941406,2178169
2021-09-16,123.16666412353516,123.5999984741211,120.4000015258789,120.83333587646484,925641
2021-09-17,121.66666412353516,122.66666412353516,117.66666412353516,121.5999984741211,1487107
2021-09-20,118.69999694824219,122.0,117.5,118.0,950803
2021-09-21,118.0,119.19999694824219,115.86666870117188,117.36666870117188,968731
2021-09-22,121.96666717529297,128.6666717529297,119.5,127.16666412353516,6273423
2021-09-23,128.3333282470703,129.8333282470703,124.9000015258789,126.06666564941406,1907928
2021-09-24,126.5999984741211,126.66666412353516,122.0,122.53333282470703,968658
2021-09-27,123.43333435058594,127.19999694824219,121.56666564941406,123.03333282470703,2072442
2021-09-28,123.83333587646484,126.0999984741211,120.76666259765625,123.19999694824219,1115269
2021-09-29,120.80000305175781,125.33333587646484,120.80000305175781,122.86666870117188,1152186
2021-09-30,122.80000305175781,126.26666259765625,122.80000305175781,123.66666412353516,1028527
2021-10-01,122.13333129882812,126.46666717529297,122.13333129882812,125.19999694824219,1221721
2021-10-04,125.96666717529297,132.0,125.93333435058594,131.39999389648438,4301605
2021-10-05,131.8000030517578,142.39999389648438,131.0,140.36666870117188,11076304
2021-10-06,141.5,142.13333129882812,133.6666717529297,135.26666259765625,4024851
2021-10-07,136.6666717529297,142.26666259765625,136.03334045410156,138.03334045410156,3090138
2021-10-08,139.0,139.26666259765625,134.8000030517578,135.6999969482422,1509459
2021-10-11,137.76666259765625,140.0,135.43333435058594,136.8000030517578,1837956
2021-10-12,137.53334045410156,138.60000610351562,131.03334045410156,136.36666870117188,2602749
2021-10-13,147.3333282470703,148.3333282470703,139.53334045410156,140.13333129882812,11898159
2021-10-14,141.60000610351562,141.60000610351562,133.43333435058594,134.10000610351562,3076245
2021-10-18,135.39999389648438,136.36666870117188,131.39999389648438,134.73333740234375,2050810
2021-10-19,135.73333740234375,136.43333435058594,125.83333587646484,127.03333282470703,2481859
2021-10-20,126.0,128.43333435058594,121.69999694824219,124.53333282470703,1996750
2021-10-21,126.53333282470703,127.06666564941406,123.03333282470703,124.4000015258789,997627
2021-10-22,124.66666412353516,128.63333129882812,121.46666717529297,122.66666412353516,1331211
2021-10-25,124.19999694824219,124.53333282470703,118.30000305175781,119.56666564941406,1176193
2021-10-26,120.13333129882812,123.56666564941406,118.80000305175781,120.93333435058594,945394
2021-10-27,121.33333587646484,122.5999984741211,120.66666412353516,121.23332977294922,646321
2021-10-28,121.66666412353516,121.66666412353516,117.66666412353516,118.26666259765625,956547
2021-10-29,118.4000015258789,120.63333129882812,115.5,118.30000305175781,864357
2021-11-01,119.33333587646484,121.26666259765625,118.73332977294922,119.66666412353516,428449
2021-11-02,120.66666412353516,121.63333129882812,118.19999694824219,118.76666259765625,877899
2021-11-03,119.26666259765625,120.96666717529297,118.80000305175781,119.36666870117188,944349
2021-11-04,120.0,121.0,119.66666412353516,120.46666717529297,243243
2021-11-08,121.33333587646484,122.56666564941406,119.4000015258789,121.80000305175781,739851
2021-11-09,122.4000015258789,124.26666259765625,122.03333282470703,123.73332977294922,749373
2021-11-10,123.30000305175781,125.43333435058594,121.43333435058594,123.0,937557
2021-11-11,123.0999984741211,124.23332977294922,121.33333587646484,121.9000015258789,500746
2021-11-12,122.0,122.80000305175781,119.5999984741211,120.4000015258789,556920
2021-11-15,120.46666717529297,120.96666717529297,118.4000015258789,118.73332977294922,568216
2021-11-16,119.33333587646484,120.33333587646484,118.23332977294922,118.5,542046
2021-11-17,118.5999984741211,118.93333435058594,117.06666564941406,117.5,559488
2021-11-18,117.69999694824219,118.86666870117188,114.66666412353516,115.0999984741211,823179
2021-11-22,110.93333435058594,113.36666870117188,109.5999984741211,110.23332977294922,1081020
2021-11-23,110.0,116.4000015258789,109.66666412353516,115.80000305175781,872200
2021-11-24,116.66666412353516,116.66666412353516,114.03333282470703,114.43333435058594,494682
2021-11-25,114.66666412353516,117.9000015258789,113.66666412353516,117.06666564941406,590445
2021-11-26,114.86666870117188,115.66666412353516,112.0,112.46666717529297,675387
2021-11-29,108.13333129882812,111.30000305175781,106.13333129882812,107.5999984741211,996909
2021-11-30,106.66666412353516,110.0,106.66666412353516,107.86666870117188,541420
2021-12-01,108.66666412353516,109.69999694824219,106.69999694824219,107.73332977294922,568318
2021-12-02,107.93333435058594,109.19999694824219,107.30000305175781,108.06666564941406,668788
2021-12-03,108.0,113.46666717529297,108.0,111.56666564941406,1187725
2021-12-06,111.33333587646484,112.0,108.0,108.63333129882812,403416
2021-12-07,109.5,113.13333129882812,108.06666564941406,111.80000305175781,574468
2021-12-08,112.56666564941406,116.0,111.53333282470703,113.73332977294922,716740
2021-12-09,114.30000305175781,114.5999984741211,112.16666412353516,113.26666259765625,326460
2021-12-10,113.5999984741211,115.03333282470703,112.80000305175781,113.66666412353516,374068
2021-12-13,116.63333129882812,116.63333129882812,112.83333587646484,113.76666259765625,523572
2021-12-14,112.66666412353516,115.26666259765625,112.66666412353516,113.66666412353516,330636
2021-12-15,113.33333587646484,116.0,112.73332977294922,114.86666870117188,758527
2021-12-16,115.93333435058594,116.53333282470703,112.0999984741211,112.56666564941406,450322
2021-12-17,112.56666564941406,112.69999694824219,109.23332977294922,109.46666717529297,529926
2021-12-20,107.66666412353516,108.56666564941406,104.06666564941406,104.5999984741211,765865
2021-12-21,104.5999984741211,107.86666870117188,104.5999984741211,105.5999984741211,447006
2021-12-22,107.0,107.0,105.36666870117188,106.63333129882812,357552
2021-12-23,107.46666717529297,109.0999984741211,106.80000305175781,108.56666564941406,565183
2021-12-24,108.93333435058594,109.13333129882812,106.0,107.46666717529297,435417
2021-12-27,107.33333587646484,109.56666564941406,105.5,108.56666564941406,531463
2021-12-28,109.73332977294922,112.80000305175781,108.36666870117188,110.66666412353516,648070
2021-12-29,110.53333282470703,112.0,109.33333587646484,109.73332977294922,397165
2021-12-30,110.66666412353516,111.4000015258789,108.23332977294922,108.53333282470703,349905
2021-12-31,108.63333129882812,112.36666870117188,108.63333129882812,111.19999694824219,641664
2022-01-03,111.86666870117188,115.46666717529297,111.56666564941406,113.53333282470703,902692
2022-01-04,114.13333129882812,115.86666870117188,113.33333587646484,113.83333587646484,550806
2022-01-05,116.66666412353516,118.0,115.69999694824219,116.56666564941406,1434913
2022-01-06,115.93333435058594,115.93333435058594,114.26666259765625,114.66666412353516,515881
2022-01-07,115.76666259765625,119.63333129882812,115.4000015258789,116.16666412353516,1256935
2022-01-10,116.66666412353516,119.66666412353516,116.66666412353516,118.13333129882812,1103274
2022-01-11,118.0,118.9000015258789,116.33333587646484,116.5999984741211,600307
2022-01-12,117.66666412353516,119.56666564941406,116.4000015258789,117.86666870117188,893197
2022-01-13,118.16666412353516,121.53333282470703,118.16666412353516,118.80000305175781,1468117
2022-01-14,118.66666412353516,120.66666412353516,117.86666870117188,119.03333282470703,1046650
2022-01-17,118.66666412353516,120.56666564941406,106.83333587646484,108.23332977294922,5106136
2022-01-18,104.53333282470703,106.5999984741211,101.69999694824219,102.5999984741211,2647821
2022-01-19,102.0,102.0,98.33333587646484,99.03333282470703,1841779
2022-01-20,99.03333282470703,101.5,98.43333435058594,98.76666259765625,1238922
2022-01-21,98.63333129882812,100.56666564941406,96.73332977294922,97.23332977294922,1037853
2022-01-24,96.73332977294922,97.4000015258789,89.33333587646484,90.26666259765625,1495504
2022-01-25,88.86666870117188,96.13333129882812,87.43333435058594,93.73332977294922,1256650
2022-01-27,94.0,94.96666717529297,91.16666412353516,91.76666259765625,787999
2022-01-28,92.66666412353516,94.66666412353516,90.9000015258789,91.36666870117188,836721
2022-01-31,93.9000015258789,93.9000015258789,91.5,91.83333587646484,533619
2022-02-01,92.63333129882812,92.69999694824219,91.23332977294922,91.86666870117188,475720
2022-02-02,93.06666564941406,97.0,92.43333435058594,96.63333129882812,848332
2022-02-03,97.33333587646484,98.5,95.26666259765625,95.53333282470703,657199
2022-02-04,96.0,96.0,94.0,94.23332977294922,413326
2022-02-07,94.46666717529297,95.76666259765625,91.73332977294922,92.03333282470703,484924
2022-02-08,93.33333587646484,93.33333587646484,90.13333129882812,91.13333129882812,477628
2022-02-09,91.73332977294922,93.19999694824219,90.83333587646484,91.93333435058594,284523
2022-02-10,92.0,92.56666564941406,90.5999984741211,90.76666259765625,436306
2022-02-11,90.16666412353516,91.86666870117188,89.73332977294922,91.5,334470
2022-02-14,90.0,90.0,84.0,85.5999984741211,926193
2022-02-15,86.0,88.19999694824219,83.53333282470703,87.5,686419
2022-02-16,88.33333587646484,90.03333282470703,88.26666259765625,89.30000305175781,441832
2022-02-17,89.80000305175781,90.06666564941406,86.73332977294922,87.26666259765625,254253
2022-02-18,87.33333587646484,89.33333587646484,86.73332977294922,88.0,347119
2022-02-21,86.13333129882812,93.13333129882812,84.73332977294922,91.56666564941406,1127506
2022-02-22,86.73332977294922,92.13333129882812,86.73332977294922,91.33333587646484,934498
2022-02-23,91.43333435058594,93.63333129882812,90.0,90.13333129882812,566205
2022-02-24,87.33333587646484,89.5,82.0,83.0,1154743
2022-02-25,84.06666564941406,86.96666717529297,84.06666564941406,85.19999694824219,754929
2022-02-28,84.23332977294922,86.43333435058594,84.23332977294922,86.0999984741211,470685
2022-03-02,85.33333587646484,86.5999984741211,83.63333129882812,85.46666717529297,585598
2022-03-03,86.5999984741211,87.4000015258789,85.13333129882812,85.43333435058594,435070
2022-03-04,86.0,86.13333129882812,83.33333587646484,84.13333129882812,566413
2022-03-07,84.0,84.0,81.5,82.26666259765625,437446
2022-03-08,82.56666564941406,84.33333587646484,82.30000305175781,83.9000015258789,389709
2022-03-09,84.5999984741211,87.23332977294922,84.56666564941406,85.83333587646484,852906
2022-03-10,87.93333435058594,88.5999984741211,86.30000305175781,87.16666412353516,544078
2022-03-11,88.0,89.19999694824219,86.0,86.69999694824219,561445
2022-03-14,86.69999694824219,92.19999694824219,86.19999694824219,90.63333129882812,1532755
2022-03-15,91.33333587646484,91.86666870117188,87.13333129882812,87.83333587646484,632206
2022-03-16,89.13333129882812,89.30000305175781,87.63333129882812,88.03333282470703,348798
2022-03-17,89.0,92.53333282470703,88.5,89.69999694824219,893329
2022-03-21,90.19999694824219,90.66666412353516,88.19999694824219,88.56666564941406,508866
2022-03-22,89.19999694824219,89.19999694824219,86.66666412353516,87.36666870117188,523119
2022-03-23,94.0,94.63333129882812,90.86666870117188,91.86666870117188,3924412
2022-03-24,90.96666717529297,92.0,88.4000015258789,88.9000015258789,992643
2022-03-25,89.93333435058594,90.16666412353516,86.66666412353516,87.23332977294922,902620
2022-03-28,88.0,90.33333587646484,86.03333282470703,86.69999694824219,1287478
2022-03-29,87.4000015258789,88.03333282470703,84.0,84.83333587646484,1376508
2022-03-30,85.96666717529297,86.83333587646484,85.03333282470703,85.26666259765625,967711
2022-03-31,85.33333587646484,87.86666870117188,84.0,84.5999984741211,981136
2022-04-01,84.86666870117188,89.5999984741211,84.86666870117188,88.83333587646484,1098273
2022-04-04,89.80000305175781,91.86666870117188,89.53333282470703,91.53333282470703,953391
2022-04-05,92.66666412353516,93.86666870117188,91.53333282470703,92.36666870117188,862501
2022-04-06,92.0,96.26666259765625,91.46666717529297,95.23332977294922,1250164
2022-04-07,95.96666717529297,96.5,91.06666564941406,92.36666870117188,1036932
2022-04-08,93.0999984741211,93.76666259765625,91.73332977294922,93.46666717529297,551437
2022-04-11,94.0,95.86666870117188,93.63333129882812,94.23332977294922,763320
2022-04-12,94.16666412353516,94.19999694824219,90.96666717529297,92.30000305175781,520192
2022-04-13,93.03333282470703,93.86666870117188,92.0,92.96666717529297,418236
2022-04-18,92.66666412353516,94.5999984741211,91.03333282470703,92.4000015258789,685245
2022-04-19,93.73332977294922,95.5999984741211,88.73332977294922,90.53333282470703,827896
2022-04-20,91.66666412353516,93.13333129882812,90.4000015258789,91.43333435058594,494179
2022-04-21,92.66666412353516,93.0999984741211,91.66666412353516,92.5999984741211,494269
2022-04-22,92.33333587646484,93.66666412353516,90.53333282470703,91.03333282470703,692145
2022-04-25,86.66666412353516,89.26666259765625,83.4000015258789,86.86666870117188,2251464
2022-04-26,87.56666564941406,88.73332977294922,85.80000305175781,86.53333282470703,646993
2022-04-27,86.0,86.36666870117188,85.13333129882812,85.80000305175781,420616
2022-04-28,86.63333129882812,87.03333282470703,84.33333587646484,84.83333587646484,356658
2022-04-29,85.5999984741211,85.93333435058594,83.5,83.80000305175781,498948
2022-05-02,82.66666412353516,84.0,81.53333282470703,82.30000305175781,482226
2022-05-04,82.66666412353516,83.46666717529297,81.66666412353516,82.0,435579
2022-05-05,82.16666412353516,83.0,81.33333587646484,81.5,306361
2022-05-06,80.96666717529297,80.96666717529297,78.16666412353516,79.86666870117188,461806
2022-05-09,78.66666412353516,79.80000305175781,76.96666717529297,77.73332977294922,551047
2022-05-10,77.26666259765625,79.03333282470703,76.66666412353516,77.0999984741211,383560
2022-05-11,77.0999984741211,78.23332977294922,74.0999984741211,75.13333129882812,572952
2022-05-12,74.66666412353516,74.66666412353516,73.06666564941406,73.93333435058594,438403
2022-05-13,75.33333587646484,76.23332977294922,73.4000015258789,73.73332977294922,390826
2022-05-16,74.53333282470703,74.66666412353516,73.33333587646484,73.80000305175781,216208
2022-05-17,73.80000305175781,78.0,73.80000305175781,77.73332977294922,434608
2022-05-18,78.13333129882812,80.0,77.06666564941406,78.5,382852
2022-05-19,76.0,76.66666412353516,75.33333587646484,75.93333435058594,209986
2022-05-20,76.73332977294922,78.13333129882812,76.06666564941406,77.03333282470703,180405
2022-05-23,77.66666412353516,78.33333587646484,76.46666717529297,76.80000305175781,268246
2022-05-24,76.66666412353516,77.26666259765625,74.73332977294922,75.03333282470703,197430
2022-05-25,75.33333587646484,75.96666717529297,72.33333587646484,72.80000305175781,282591
2022-05-26,72.80000305175781,73.9000015258789,69.0,71.86666870117188,535512
2022-05-27,72.46666717529297,75.83333587646484,72.46666717529297,75.06666564941406,511536
2022-05-30,75.80000305175781,77.23332977294922,75.06666564941406,75.76666259765625,218002
2022-05-31,74.66666412353516,76.66666412353516,74.66666412353516,76.36666870117188,170347
2022-06-01,76.36666870117188,77.73332977294922,75.69999694824219,76.30000305175781,168091
2022-06-02,76.0,77.46666717529297,75.69999694824219,76.33333587646484,257250
2022-06-03,77.53333282470703,79.93333435058594,76.83333587646484,77.43333435058594,631951
2022-06-06,77.63333129882812,77.63333129882812,75.43333435058594,76.56666564941406,195285
2022-06-07,75.33333587646484,77.13333129882812,74.80000305175781,75.96666717529297,265350
2022-06-08,76.66666412353516,78.66666412353516,75.06666564941406,76.5,534825
2022-06-09,76.5,76.86666870117188,74.69999694824219,75.73332977294922,181807
2022-06-10,75.16666412353516,76.66666412353516,74.5,75.76666259765625,159985
2022-06-13,74.0,74.76666259765625,71.76666259765625,72.4000015258789,293008
2022-06-14,74.30000305175781,74.30000305175781,71.83333587646484,73.16666412353516,217150
2022-06-15,73.80000305175781,73.80000305175781,72.23332977294922,72.96666717529297,219828
2022-06-16,73.33333587646484,75.4000015258789,68.73332977294922,69.93333435058594,443080
2022-06-17,69.33333587646484,69.86666870117188,66.86666870117188,68.16666412353516,377704
2022-06-20,68.16666412353516,69.06666564941406,65.5,66.0999984741211,361555
2022-06-21,65.4000015258789,68.53333282470703,65.33333587646484,67.83333587646484,293488
2022-06-22,68.86666870117188,71.26666259765625,67.33333587646484,69.16666412353516,397426
2022-06-23,69.93333435058594,70.0,65.69999694824219,66.96666717529297,579144
2022-06-24,68.0,70.0,68.0,68.96666717529297,329553
2022-06-27,70.26666259765625,71.80000305175781,69.5999984741211,70.33333587646484,441148
2022-06-28,70.30000305175781,73.26666259765625,69.63333129882812,72.33333587646484,376842
2022-06-29,70.46666717529297,73.0999984741211,70.46666717529297,72.30000305175781,205483
2022-06-30,72.19999694824219,73.73332977294922,70.69999694824219,71.0999984741211,185926
2022-07-01,71.0999984741211,72.33333587646484,69.86666870117188,70.73332977294922,408085
2022-07-04,71.06666564941406,74.53333282470703,70.69999694824219,73.80000305175781,394942
2022-07-05,74.4000015258789,77.66666412353516,74.23332977294922,74.56666564941406,731715
2022-07-06,74.69999694824219,75.33333587646484,73.36666870117188,74.06666564941406,327631
2022-07-07,75.19999694824219,76.53333282470703,74.9000015258789,76.0999984741211,215025
2022-07-08,77.26666259765625,77.46666717529297,75.73332977294922,76.30000305175781,213025
2022-07-11,77.16666412353516,77.16666412353516,75.69999694824219,76.23332977294922,243604
2022-07-12,75.56666564941406,79.83333587646484,75.53333282470703,77.0,561586
2022-07-13,77.46666717529297,78.33333587646484,76.33333587646484,76.76666259765625,200731
2022-07-14,76.13333129882812,78.0,75.5999984741211,76.06666564941406,183418
2022-07-15,76.06666564941406,77.0,73.76666259765625,74.9000015258789,339133
2022-07-18,76.03333282470703,76.03333282470703,70.23332977294922,71.43333435058594,2438518
2022-07-19,70.0,72.0999984741211,69.73332977294922,71.0,519819
2022-07-20,72.0,73.13333129882812,71.53333282470703,72.0999984741211,349699
2022-07-21,72.0999984741211,73.13333129882812,71.26666259765625,71.86666870117188,293092
2022-07-22,72.19999694824219,72.63333129882812,70.96666717529297,71.23332977294922,265599
2022-07-25,71.33333587646484,72.5,71.06666564941406,71.73332977294922,253297
2022-07-26,72.33333587646484,72.4000015258789,70.86666870117188,71.03333282470703,148003
2022-07-27,70.66666412353516,71.33333587646484,70.06666564941406,71.19999694824219,425254
2022-07-28,72.0,72.23332977294922,71.0999984741211,71.4000015258789,279894
2022-07-29,72.26666259765625,73.80000305175781,71.5,72.96666717529297,410310
2022-08-01,72.96666717529297,75.80000305175781,72.03333282470703,75.43333435058594,557958
2022-08-02,75.86666870117188,75.9000015258789,73.69999694824219,74.43333435058594,365623
2022-08-03,74.43333435058594,75.03333282470703,72.56666564941406,73.0999984741211,266737
2022-08-04,73.5999984741211,75.96666717529297,73.33333587646484,74.33333587646484,476779
2022-08-05,74.80000305175781,75.23332977294922,74.43333435058594,74.80000305175781,134506
2022-08-08,75.16666412353516,75.30000305175781,73.36666870117188,73.76666259765625,138700
2022-08-10,74.06666564941406,74.06666564941406,71.33333587646484,71.66666412353516,364356
2022-08-11,72.30000305175781,73.33333587646484,71.4000015258789,71.76666259765625,221485
2022-08-12,72.0,72.93333435058594,71.66666412353516,71.86666870117188,183484
2022-08-16,72.4000015258789,76.33333587646484,72.36666870117188,75.46666717529297,687660
2022-08-17,75.9000015258789,78.63333129882812,75.86666870117188,76.96666717529297,573507
2022-08-18,77.33333587646484,77.56666564941406,76.0,76.83333587646484,265255
2022-08-19,76.83333587646484,77.26666259765625,75.4000015258789,75.56666564941406,284286
2022-08-22,75.5,75.76666259765625,73.76666259765625,74.16666412353516,218134
2022-08-23,73.66666412353516,84.26666259765625,73.33333587646484,82.73332977294922,3542898
2022-08-24,83.30000305175781,86.13333129882812,81.80000305175781,84.76666259765625,2979091
2022-08-25,84.4000015258789,86.33333587646484,82.66666412353516,83.56666564941406,809296
2022-08-26,83.9000015258789,84.5,81.43333435058594,82.0,363091
2022-08-29,79.33333587646484,81.26666259765625,78.23332977294922,79.69999694824219,431542
2022-08-30,80.43333435058594,85.26666259765625,79.93333435058594,84.9000015258789,1330770
2022-09-01,84.56666564941406,89.33333587646484,84.03333282470703,87.80000305175781,1736571
2022-09-02,88.66666412353516,89.73332977294922,85.46666717529297,86.36666870117188,614506
2022-09-05,87.06666564941406,88.30000305175781,86.5999984741211,87.36666870117188,490329
2022-09-06,86.66666412353516,87.80000305175781,86.5999984741211,87.53333282470703,479247
2022-09-07,86.76666259765625,88.73332977294922,86.69999694824219,87.5999984741211,348399
2022-09-08,88.43333435058594,92.13333129882812,88.33333587646484,90.43333435058594,1344958
2022-09-09,91.13333129882812,91.69999694824219,89.46666717529297,89.83333587646484,595056
2022-09-12,89.83333587646484,90.46666717529297,88.63333129882812,88.93333435058594,273603
2022-09-13,89.73332977294922,89.80000305175781,87.19999694824219,87.46666717529297,318865
2022-09-14,86.66666412353516,89.03333282470703,85.66666412353516,86.63333129882812,480208
2022-09-15,87.23332977294922,88.0,84.73332977294922,85.5,503773
2022-09-16,85.5,87.86666870117188,82.4000015258789,83.03333282470703,758622
2022-09-19,82.0,84.03333282470703,80.23332977294922,83.5,676312
2022-09-20,84.16666412353516,85.83333587646484,83.33333587646484,83.69999694824219,419785
2022-09-21,83.03333282470703,84.69999694824219,83.0,83.66666412353516,418290
2022-09-22,83.33333587646484,84.5999984741211,81.66666412353516,82.19999694824219,354501
2022-09-23,82.19999694824219,83.66666412353516,80.23332977294922,81.0,385798
2022-09-26,81.0,81.03333282470703,76.13333129882812,76.66666412353516,504130
2022-09-27,77.80000305175781,79.53333282470703,77.03333282470703,78.26666259765625,344395
2022-09-28,77.76666259765625,78.69999694824219,76.33333587646484,76.66666412353516,196696
2022-09-29,77.96666717529297,78.93333435058594,76.03333282470703,76.43333435058594,255279
2022-09-30,76.76666259765625,78.56666564941406,75.86666870117188,77.76666259765625,281991
2022-10-03,78.0,78.80000305175781,76.30000305175781,76.86666870117188,248877
2022-10-04,77.43333435058594,79.83333587646484,77.43333435058594,79.0999984741211,407431
2022-10-06,80.30000305175781,82.66666412353516,80.26666259765625,81.56666564941406,513987
2022-10-07,82.5999984741211,82.76666259765625,80.5,81.0999984741211,261907
2022-10-10,80.30000305175781,80.93333435058594,79.5,80.16666412353516,252553
2022-10-11,80.53333282470703,81.0999984741211,77.4000015258789,77.73332977294922,366739
2022-10-12,78.23332977294922,79.80000305175781,77.5,77.80000305175781,302001
2022-10-13,78.4000015258789,78.83333587646484,76.69999694824219,77.46666717529297,191425
2022-10-14,78.66666412353516,79.26666259765625,77.0,77.16666412353516,369190
2022-10-17,76.66666412353516,76.66666412353516,72.66666412353516,73.23332977294922,963288
2022-10-18,73.33333587646484,74.43333435058594,72.66666412353516,72.93333435058594,314781
2022-10-19,73.19999694824219,73.5,72.06666564941406,72.26666259765625,235542
2022-10-20,72.26666259765625,72.66666412353516,71.66666412353516,72.06666564941406,175612
2022-10-21,72.66666412353516,73.26666259765625,71.13333129882812,71.36666870117188,256164
2022-10-24,71.36666870117188,74.93333435058594,71.33333587646484,73.53333282470703,129309
2022-10-25,73.66666412353516,74.66666412353516,72.33333587646484,73.16666412353516,220021
2022-10-27,73.53333282470703,74.26666259765625,72.83333587646484,73.0999984741211,269967
2022-10-28,73.0,73.43333435058594,72.16666412353516,72.36666870117188,111996
2022-10-31,72.19999694824219,73.9000015258789,72.19999694824219,72.93333435058594,327538
2022-11-01,73.43333435058594,73.80000305175781,72.73332977294922,73.33333587646484,129090
2022-11-02,73.33333587646484,73.86666870117188,72.33333587646484,72.93333435058594,195661
2022-11-03,72.76666259765625,73.96666717529297,72.43333435058594,72.86666870117188,156355
2022-11-04,73.0,73.66666412353516,72.76666259765625,72.96666717529297,146925
2022-11-07,73.33333587646484,73.9000015258789,72.73332977294922,73.30000305175781,281749
2022-11-09,73.4000015258789,76.16666412353516,73.33333587646484,74.73332977294922,444417
2022-11-10,74.33333587646484,76.63333129882812,74.33333587646484,75.16666412353516,399828
2022-11-11,75.9000015258789,76.06666564941406,74.83333587646484,75.06666564941406,171865
2022-11-14,75.43333435058594,75.43333435058594,72.5999984741211,73.03333282470703,222193
2022-11-15,72.69999694824219,73.73332977294922,72.69999694824219,73.30000305175781,147235
2022-11-16,73.30000305175781,73.9000015258789,72.80000305175781,73.23332977294922,172054
2022-11-17,73.93333435058594,74.16666412353516,72.66666412353516,72.80000305175781,124090
2022-11-18,73.33333587646484,73.5999984741211,72.0,72.30000305175781,143181
2022-11-21,72.30000305175781,72.63333129882812,70.5,70.66666412353516,265462
2022-11-22,70.69999694824219,71.30000305175781,69.33333587646484,69.86666870117188,198208
2022-11-23,70.46666717529297,71.53333282470703,70.0,70.9000015258789,240759
2022-11-24,70.96666717529297,72.66666412353516,70.53333282470703,71.26666259765625,247249
2022-11-25,71.5,73.66666412353516,71.26666259765625,73.43333435058594,253489
2022-11-28,73.30000305175781,75.16666412353516,73.30000305175781,73.83333587646484,473134
2022-11-29,74.06666564941406,74.5,73.33333587646484,73.4000015258789,404353
2022-11-30,73.4000015258789,75.30000305175781,73.4000015258789,74.66666412353516,344626
2022-12-01,74.66666412353516,77.83333587646484,74.0999984741211,77.4000015258789,880171
2022-12-02,77.9000015258789,78.93333435058594,77.33333587646484,77.5,493458
2022-12-05,78.46666717529297,78.53333282470703,76.93333435058594,77.36666870117188,288396
2022-12-06,77.26666259765625,77.63333129882812,76.19999694824219,76.5,200215
2022-12-07,76.73332977294922,78.19999694824219,75.46666717529297,75.73332977294922,353049
2022-12-08,75.43333435058594,76.86666870117188,75.43333435058594,75.80000305175781,192465
2022-12-09,76.23332977294922,76.76666259765625,74.0,74.30000305175781,186169
2022-12-12,74.33333587646484,76.30000305175781,73.86666870117188,74.76666259765625,188914
2022-12-13,75.5999984741211,76.30000305175781,75.0,75.30000305175781,118870
2022-12-14,75.36666870117188,76.46666717529297,74.56666564941406,74.9000015258789,255589
2022-12-15,75.03333282470703,76.16666412353516,74.96666717529297,75.36666870117188,146248
2022-12-16,75.36666870117188,75.93333435058594,73.06666564941406,73.4000015258789,280186
2022-12-19,73.93333435058594,74.5,73.36666870117188,74.13333129882812,135499
2022-12-20,74.63333129882812,74.83333587646484,73.33333587646484,74.33333587646484,169875
2022-12-21,74.5999984741211,75.03333282470703,72.36666870117188,72.63333129882812,222861
2022-12-22,72.69999694824219,73.30000305175781,69.80000305175781,70.4000015258789,397462
2022-12-23,69.96666717529297,70.16666412353516,67.4000015258789,67.73332977294922,321096
2022-12-26,68.76666259765625,70.83333587646484,67.53333282470703,70.4000015258789,295633
2022-12-27,70.43333435058594,72.36666870117188,70.43333435058594,70.93333435058594,220449
2022-12-28,70.73332977294922,71.76666259765625,70.56666564941406,71.0,136929
2022-12-29,70.93333435058594,71.93333435058594,70.53333282470703,71.0999984741211,128116
2022-12-30,71.83333587646484,72.33333587646484,71.26666259765625,71.46666717529297,126003
2023-01-02,71.46666717529297,73.93333435058594,70.30000305175781,71.9000015258789,384511
2023-01-03,71.86666870117188,83.86666870117188,71.4000015258789,81.0999984741211,14314134
2023-01-04,82.30000305175781,85.19999694824219,80.4000015258789,84.23332977294922,8198187
2023-01-05,84.03333282470703,84.23332977294922,79.03333282470703,81.0999984741211,1793256
2023-01-06,81.76666259765625,83.33333587646484,79.5,80.66666412353516,1590598
2023-01-09,81.66666412353516,82.0,78.83333587646484,79.33333587646484,656202
2023-01-10,79.0999984741211,82.26666259765625,78.16666412353516,80.13333129882812,1049838
2023-01-11,80.53333282470703,81.23332977294922,78.13333129882812,78.63333129882812,641049
2023-01-12,78.96666717529297,81.19999694824219,77.86666870117188,80.0999984741211,1203285
2023-01-13,80.53333282470703,80.9000015258789,78.13333129882812,78.53333282470703,505066
2023-01-16,78.80000305175781,79.30000305175781,76.66666412353516,77.0999984741211,403468
2023-01-17,77.23332977294922,78.33333587646484,76.83333587646484,77.4000015258789,283696
2023-01-18,77.63333129882812,77.9000015258789,76.73332977294922,77.0999984741211,356533
2023-01-19,76.96666717529297,79.93333435058594,76.9000015258789,77.76666259765625,760899
2023-01-20,78.0,78.16666412353516,76.19999694824219,76.36666870117188,419598
2023-01-23,76.66666412353516,76.66666412353516,73.83333587646484,74.30000305175781,450753
2023-01-24,74.86666870117188,75.33333587646484,73.69999694824219,73.96666717529297,378427
2023-01-25,74.0,74.66666412353516,73.56666564941406,74.13333129882812,625029
2023-01-27,74.0,74.5999984741211,70.36666870117188,71.69999694824219,547195
2023-01-30,71.69999694824219,72.30000305175781,68.46666717529297,69.06666564941406,858946
2023-01-31,69.46666717529297,72.23332977294922,69.06666564941406,71.56666564941406,581292
2023-02-01,72.0,72.93333435058594,69.5,70.16666412353516,494016
2023-02-02,70.53333282470703,71.83333587646484,69.46666717529297,70.06666564941406,437364
2023-02-03,69.53333282470703,70.66666412353516,68.26666259765625,69.9000015258789,419766
2023-02-06,70.16666412353516,72.76666259765625,69.73332977294922,72.19999694824219,458982
2023-02-07,72.56666564941406,72.5999984741211,70.73332977294922,71.06666564941406,202357
2023-02-08,71.23332977294922,72.19999694824219,71.0,71.53333282470703,162484
2023-02-09,71.73332977294922,71.9000015258789,70.33333587646484,71.23332977294922,864076
2023-02-10,71.19999694824219,71.80000305175781,70.63333129882812,71.03333282470703,317260
2023-02-13,70.36666870117188,73.83333587646484,70.36666870117188,72.43333435058594,344247
2023-02-14,72.33333587646484,72.33333587646484,69.4000015258789,69.93333435058594,687276
2023-02-15,69.76666259765625,71.26666259765625,69.26666259765625,70.5,661111
2023-02-16,70.5,71.16666412353516,69.80000305175781,70.0999984741211,340137
2023-02-17,70.0999984741211,70.86666870117188,69.33333587646484,69.66666412353516,329548
2023-02-20,70.03333282470703,70.13333129882812,69.0,69.19999694824219,229452
2023-02-21,69.33333587646484,70.53333282470703,68.66666412353516,69.73332977294922,274441
2023-02-22,69.33333587646484,71.83333587646484,69.13333129882812,70.86666870117188,576736
2023-02-23,71.53333282470703,71.53333282470703,69.56666564941406,70.16666412353516,200203
2023-02-24,70.16666412353516,70.83333587646484,68.96666717529297,69.36666870117188,248973
2023-02-27,69.33333587646484,69.36666870117188,67.83333587646484,68.23332977294922,169986
2023-02-28,68.23332977294922,69.5999984741211,68.03333282470703,68.76666259765625,251142
2023-03-01,68.86666870117188,70.30000305175781,68.83333587646484,69.19999694824219,257406
2023-03-02,69.86666870117188,69.86666870117188,68.66666412353516,68.96666717529297,200058
2023-03-03,69.06666564941406,69.9000015258789,68.93333435058594,69.4000015258789,248980
2023-03-06,69.33333587646484,69.9000015258789,69.03333282470703,69.36666870117188,205332
2023-03-08,69.30000305175781,70.0,68.83333587646484,69.06666564941406,247174
2023-03-09,69.63333129882812,71.33333587646484,68.93333435058594,69.13333129882812,403551
2023-03-10,69.26666259765625,69.4000015258789,68.16666412353516,68.5999984741211,287394
2023-03-13,68.30000305175781,69.26666259765625,67.66666412353516,67.96666717529297,242746
2023-03-14,68.63333129882812,68.83333587646484,67.33333587646484,67.73332977294922,177679
2023-03-15,68.30000305175781,68.66666412353516,66.69999694824219,67.0,254400
2023-03-16,66.69999694824219,67.0,64.03333282470703,65.46666717529297,520450
2023-03-17,65.53333282470703,67.13333129882812,65.53333282470703,66.03333282470703,322728
2023-03-20,66.36666870117188,68.0,64.76666259765625,65.76666259765625,346861
2023-03-21,66.06666564941406,66.5999984741211,64.86666870117188,65.13333129882812,320266
2023-03-22,65.46666717529297,66.5,65.0,65.26666259765625,227311
2023-03-23,65.86666870117188,65.93333435058594,64.66666412353516,64.83333587646484,256918
2023-03-24,64.83333587646484,65.16666412353516,61.36666488647461,61.79999923706055,814069
2023-03-27,61.400001525878906,61.733333587646484,58.099998474121094,60.599998474121094,1187910
2023-03-28,61.0,61.96666717529297,58.03333282470703,58.53333282470703,676800
2023-03-29,58.633331298828125,65.0,58.43333435058594,64.13333129882812,1142418
2023-03-31,65.0,66.66666412353516,63.666664123535156,65.33333587646484,2752102
2023-04-03,66.66666412353516,68.5,66.43333435058594,68.0,750649
2023-04-05,68.0,68.46666717529297,66.76666259765625,66.96666717529297,327499
2023-04-06,66.93333435058594,69.0,66.66666412353516,68.5999984741211,427534
2023-04-10,69.06666564941406,70.53333282470703,68.23332977294922,69.4000015258789,500218
2023-04-11,70.0,70.5999984741211,68.86666870117188,69.16666412353516,317572
2023-04-12,69.36666870117188,69.93333435058594,68.66666412353516,69.0999984741211,166377
2023-04-13,69.23332977294922,71.26666259765625,69.0999984741211,69.66666412353516,233457
2023-04-17,69.66666412353516,69.66666412353516,68.23332977294922,69.30000305175781,255454
2023-04-18,69.63333129882812,69.63333129882812,67.96666717529297,68.43333435058594,218184
2023-04-19,68.33333587646484,69.33333587646484,68.03333282470703,68.36666870117188,158109
2023-04-20,68.80000305175781,68.9000015258789,67.83333587646484,67.96666717529297,301944
2023-04-21,68.46666717529297,68.46666717529297,67.4000015258789,67.86666870117188,156163
2023-04-24,68.23332977294922,68.23332977294922,67.5,67.69999694824219,102295
2023-04-25,67.93333435058594,68.53333282470703,66.76666259765625,67.06666564941406,293860
2023-04-26,67.46666717529297,67.76666259765625,66.80000305175781,67.0999984741211,243151
2023-04-27,67.5,67.66666412353516,66.73332977294922,66.9000015258789,221599
2023-04-28,66.93333435058594,67.66666412353516,66.93333435058594,67.26666259765625,260724
2023-05-02,67.76666259765625,69.46666717529297,67.46666717529297,68.06666564941406,349173
2023-05-03,77.33333587646484,78.66666412353516,73.30000305175781,75.23332977294922,10038657
2023-05-04,76.5999984741211,77.66666412353516,75.36666870117188,76.43333435058594,2608365
2023-05-05,76.43333435058594,76.93333435058594,75.33333587646484,75.93333435058594,523242
2023-05-08,77.33333587646484,80.0,76.80000305175781,79.16666412353516,1760146
2023-05-09,79.76666259765625,81.16666412353516,78.5999984741211,79.76666259765625,1170690
2023-05-10,80.13333129882812,82.30000305175781,77.33333587646484,81.26666259765625,1438437
2023-05-11,81.53333282470703,83.06666564941406,81.36666870117188,82.26666259765625,1132338
2023-05-12,81.93333435058594,82.63333129882812,79.66666412353516,81.0999984741211,837541
2023-05-15,81.0999984741211,83.33333587646484,79.56666564941406,81.76666259765625,1409073
2023-05-16,82.0,83.26666259765625,81.76666259765625,82.93333435058594,690228
2023-05-17,83.33333587646484,88.5999984741211,83.33333587646484,86.86666870117188,4521091
2023-05-18,87.33333587646484,88.5999984741211,85.53333282470703,87.33333587646484,1303117
2023-05-19,88.0,92.0,88.0,90.83333587646484,3238668
2023-05-22,91.26666259765625,96.0,90.96666717529297,93.46666717529297,6262125
2023-05-23,94.0,96.0,93.33333587646484,94.16666412353516,2446446
2023-05-24,94.66666412353516,95.03333282470703,93.36666870117188,93.63333129882812,913041
2023-05-25,93.83333587646484,94.19999694824219,93.0,93.66666412353516,792009
2023-05-26,94.16666412353516,97.76666259765625,94.0,96.4000015258789,2289058
2023-05-29,97.93333435058594,99.19999694824219,96.33333587646484,98.56666564941406,1791309
2023-05-30,99.16666412353516,104.16666412353516,98.5999984741211,103.53333282470703,3572485
2023-05-31,104.33333587646484,105.73332977294922,100.03333282470703,103.56666564941406,2527707
2023-06-01,103.73332977294922,105.33333587646484,103.56666564941406,105.0999984741211,1280790
2023-06-02,105.5,106.4000015258789,105.0999984741211,105.69999694824219,1235397
2023-06-05,106.66666412353516,110.0,106.5,109.66666412353516,2810496
2023-06-06,110.0,111.26666259765625,109.63333129882812,110.0999984741211,2292573
2023-06-07,110.83333587646484,111.23332977294922,103.93333435058594,107.06666564941406,4106829
2023-06-08,107.66666412353516,108.16666412353516,104.66666412353516,105.83333587646484,2213757
2023-06-09,96.5,96.63333129882812,90.73332977294922,91.23332977294922,3665829
2023-06-12,90.03333282470703,90.46666717529297,85.73332977294922,86.23332977294922,2623264
2023-06-13,86.23332977294922,90.56666564941406,86.0,88.80000305175781,2195727
2023-06-14,89.13333129882812,89.83333587646484,86.86666870117188,87.63333129882812,875880
2023-06-15,87.63333129882812,87.63333129882812,86.0999984741211,86.26666259765625,740100
2023-06-16,86.80000305175781,88.30000305175781,86.46666717529297,87.5,572599
2023-06-19,87.73332977294922,88.66666412353516,86.33333587646484,86.80000305175781,577696
2023-06-20,87.16666412353516,87.93333435058594,85.73332977294922,86.0999984741211,448426
2023-06-21,86.0999984741211,87.46666717529297,85.80000305175781,85.96666717529297,427225
2023-06-22,86.4000015258789,86.4000015258789,84.36666870117188,84.86666870117188,377928
2023-06-23,85.73332977294922,88.0999984741211,85.73332977294922,86.30000305175781,1050192
2023-06-26,86.69999694824219,88.30000305175781,86.46666717529297,87.30000305175781,692455
2023-06-27,88.03333282470703,89.13333129882812,87.80000305175781,88.69999694824219,532174
2023-06-28,88.69999694824219,90.33333587646484,88.69999694824219,89.5,585819
2023-06-30,90.0,91.03333282470703,87.03333282470703,87.66666412353516,825429
2023-07-03,88.30000305175781,89.66666412353516,83.5,86.69999694824219,1081713
2023-07-04,86.96666717529297,88.46666717529297,85.53333282470703,85.86666870117188,797721
2023-07-05,89.0,94.44999694824219,89.0,92.44999694824219,2449261
2023-07-06,92.5999984741211,93.05000305175781,90.9000015258789,91.1500015258789,632947
2023-07-07,91.0,93.05000305175781,90.5,92.9000015258789,592696
2023-07-10,93.0,93.4000015258789,91.55000305175781,92.94999694824219,437735
2023-07-11,92.9000015258789,94.94999694824219,92.55000305175781,93.69999694824219,696438
2023-07-12,94.19999694824219,99.80000305175781,94.19999694824219,98.0,1891338
2023-07-13,99.30000305175781,101.55000305175781,93.80000305175781,94.5,2845259
2023-07-14,95.0,95.9000015258789,92.69999694824219,93.44999694824219,571550
2023-07-17,94.0,95.30000305175781,93.44999694824219,94.30000305175781,362505
2023-07-18,94.0,95.0,92.4000015258789,93.0999984741211,322494
2023-07-19,92.80000305175781,93.80000305175781,92.0,92.0999984741211,345784
2023-07-20,91.69999694824219,91.69999694824219,90.30000305175781,90.5999984741211,489196
2023-07-21,90.5999984741211,90.5999984741211,88.25,89.19999694824219,674114
2023-07-24,89.19999694824219,89.94999694824219,88.0,88.0999984741211,324694
2023-07-25,87.5999984741211,89.05000305175781,87.25,87.44999694824219,336849
2023-07-26,87.5,87.8499984741211,86.0,86.0999984741211,393161
2023-07-27,86.19999694824219,86.80000305175781,85.75,86.1500015258789,262713
2023-07-28,86.5,86.5999984741211,85.1500015258789,85.5999984741211,295931
2023-07-31,86.0,87.80000305175781,85.0,86.05000305175781,451966
2023-08-01,86.1500015258789,87.0,86.1500015258789,86.5999984741211,306908
2023-08-02,86.94999694824219,87.30000305175781,85.30000305175781,86.25,414759
2023-08-03,86.0,86.69999694824219,85.0999984741211,85.8499984741211,234256
2023-08-04,86.19999694824219,86.80000305175781,85.1500015258789,85.5,256699
2023-08-07,85.4000015258789,86.30000305175781,84.1500015258789,84.44999694824219,290999
2023-08-08,84.75,85.05000305175781,83.1500015258789,84.1500015258789,355579
2023-08-09,83.75,84.94999694824219,83.75,84.30000305175781,344987
2023-08-10,85.0,91.94999694824219,84.6500015258789,91.19999694824219,2836593
2023-08-11,92.6500015258789,94.94999694824219,91.19999694824219,91.69999694824219,1309104
2023-08-14,91.69999694824219,91.69999694824219,88.55000305175781,89.25,639330
2023-08-16,89.75,89.9000015258789,86.5,86.8499984741211,516614
2023-08-17,86.75,88.5,86.69999694824219,87.5,337449
2023-08-18,87.5,88.30000305175781,85.4000015258789,85.8499984741211,355208
2023-08-21,85.44999694824219,88.0,85.44999694824219,86.75,434459
2023-08-22,86.6500015258789,88.9000015258789,86.25,86.8499984741211,526346
2023-08-23,86.80000305175781,88.0999984741211,86.80000305175781,87.55000305175781,446709
2023-08-24,88.0,88.5999984741211,87.05000305175781,87.25,273898
2023-08-25,87.25,87.8499984741211,86.25,86.75,209651
2023-08-28,86.80000305175781,87.94999694824219,86.0,86.5,381021
2023-08-29,86.9000015258789,89.5,86.69999694824219,88.94999694824219,762930
2023-08-30,89.5,91.5,89.25,90.0999984741211,878811
2023-08-31,90.6500015258789,96.69999694824219,90.44999694824219,93.0999984741211,3973062
2023-09-01,93.5,94.80000305175781,92.55000305175781,93.05000305175781,670952
2023-09-04,94.0999984741211,97.80000305175781,94.0999984741211,95.5,1494388
2023-09-05,96.0,98.5,93.9000015258789,97.44999694824219,1720357
2023-09-06,97.94999694824219,98.0999984741211,95.5,96.0999984741211,750098
2023-09-07,96.4000015258789,97.0,95.5,95.75,547408
2023-09-08,96.30000305175781,97.0,94.75,95.5,650716
2023-09-11,96.25,97.0,94.1500015258789,94.5999984741211,724517
2023-09-12,95.0,95.44999694824219,90.05000305175781,90.30000305175781,1036294
2023-09-13,90.05000305175781,92.25,88.4000015258789,91.0999984741211,448228
2023-09-14,91.8499984741211,93.30000305175781,91.0,91.9000015258789,410627
2023-09-15,92.44999694824219,94.05000305175781,91.9000015258789,92.25,395997
2023-09-18,92.6500015258789,93.0,90.5999984741211,91.1500015258789,321791
2023-09-20,91.05000305175781,91.69999694824219,89.25,90.05000305175781,476225
2023-09-21,90.0,91.19999694824219,89.55000305175781,89.94999694824219,339510
2023-09-22,90.0999984741211,90.94999694824219,88.0,88.5999984741211,393629
2023-09-25,88.55000305175781,89.80000305175781,88.19999694824219,88.55000305175781,276353
2023-09-26,88.8499984741211,89.55000305175781,87.94999694824219,88.25,199793
2023-09-27,88.44999694824219,90.0,87.5999984741211,89.0999984741211,332789
2023-09-28,89.25,90.75,88.0999984741211,88.3499984741211,248441
2023-09-29,88.6500015258789,89.30000305175781,87.69999694824219,88.05000305175781,334764
2023-10-03,88.0,89.05000305175781,86.9000015258789,87.44999694824219,433984
2023-10-04,87.19999694824219,89.0,86.0,87.69999694824219,576701
2023-10-05,88.25,94.30000305175781,88.25,93.6500015258789,2673998
2023-10-06,94.0,94.4000015258789,92.25,93.25,691234
2023-10-09,90.0999984741211,92.5,89.05000305175781,90.4000015258789,659425
2023-10-10,90.80000305175781,92.5,90.80000305175781,91.8499984741211,317657
2023-10-11,92.0,93.5999984741211,91.05000305175781,91.69999694824219,626383
2023-10-12,92.9000015258789,93.69999694824219,92.0999984741211,92.8499984741211,466458
2023-10-13,92.80000305175781,96.0,92.55000305175781,93.30000305175781,1878565
2023-10-16,93.5,95.55000305175781,92.94999694824219,94.5,719411
2023-10-17,95.25,95.55000305175781,93.0999984741211,93.55000305175781,391430
2023-10-18,93.8499984741211,94.4000015258789,91.8499984741211,92.0999984741211,388257
2023-10-19,91.9000015258789,93.94999694824219,91.5999984741211,93.30000305175781,410228
2023-10-20,93.3499984741211,96.94999694824219,91.75,93.69999694824219,2045047
2023-10-23,96.1500015258789,96.80000305175781,87.80000305175781,88.25,1449142
2023-10-25,88.94999694824219,90.6500015258789,85.0999984741211,86.1500015258789,599226
2023-10-26,86.1500015258789,88.30000305175781,83.94999694824219,87.94999694824219,498720
2023-10-27,88.1500015258789,90.25,88.1500015258789,88.9000015258789,379679
2023-10-30,89.1500015258789,89.75,86.19999694824219,87.05000305175781,524657
2023-10-31,88.0,88.19999694824219,86.5999984741211,87.0999984741211,254199
2023-11-01,87.6500015258789,87.8499984741211,85.1500015258789,86.25,274046
2023-11-02,86.19999694824219,87.30000305175781,85.80000305175781,86.4000015258789,232974
2023-11-03,87.25,88.8499984741211,87.0,87.80000305175781,347032
2023-11-06,87.94999694824219,90.0,87.5999984741211,88.05000305175781,260916
2023-11-07,88.5999984741211,89.0999984741211,88.05000305175781,88.5999984741211,269361
2023-11-08,89.55000305175781,89.55000305175781,88.0,88.4000015258789,193470
2023-11-09,88.80000305175781,89.0,87.5999984741211,87.8499984741211,216292
2023-11-10,87.25,88.94999694824219,87.25,88.0,268779
2023-11-13,88.8499984741211,88.9000015258789,87.5999984741211,88.25,203890
2023-11-15,88.80000305175781,89.4000015258789,87.6500015258789,88.0999984741211,487850
2023-11-16,88.69999694824219,93.9000015258789,88.4000015258789,91.80000305175781,1865078
2023-11-17,92.19999694824219,95.5,92.1500015258789,93.55000305175781,1590427
2023-11-20,93.6500015258789,94.4000015258789,92.0,92.69999694824219,506815
2023-11-21,93.0,93.80000305175781,91.19999694824219,91.69999694824219,395646
2023-11-22,91.5999984741211,98.5,91.5999984741211,96.75,6019294
2023-11-23,97.0999984741211,99.94999694824219,97.05000305175781,97.94999694824219,3461043
2023-11-24,98.5,98.80000305175781,96.05000305175781,96.5,751989
2023-11-28,97.5,97.9000015258789,93.9000015258789,94.69999694824219,746574
2023-11-29,94.69999694824219,95.94999694824219,93.6500015258789,93.94999694824219,529105
2023-11-30,94.0,95.0,90.69999694824219,91.4000015258789,1215021
2023-12-01,92.30000305175781,93.30000305175781,91.69999694824219,92.80000305175781,597652
2023-12-04,94.0999984741211,94.5,92.19999694824219,92.55000305175781,595214
2023-12-05,92.75,93.8499984741211,91.30000305175781,91.8499984741211,548886
2023-12-06,91.6500015258789,95.94999694824219,91.55000305175781,94.94999694824219,1710479
2023-12-07,95.0,96.9000015258789,94.5,96.05000305175781,1133998
2023-12-08,96.80000305175781,98.44999694824219,93.5,94.5,1190306
2023-12-11,94.55000305175781,95.8499984741211,93.5,94.30000305175781,590251
2023-12-12,94.80000305175781,96.44999694824219,93.80000305175781,94.3499984741211,596803
2023-12-13,95.0,103.9000015258789,94.94999694824219,103.1500015258789,11774262
2023-12-14,104.6500015258789,107.0,102.9000015258789,105.30000305175781,6300443
2023-12-15,106.0999984741211,109.69999694824219,105.3499984741211,108.0999984741211,5995448
2023-12-18,108.0999984741211,109.0,106.05000305175781,107.30000305175781,1907383
2023-12-19,107.80000305175781,108.0999984741211,104.0999984741211,104.5,1268818
2023-12-20,105.19999694824219,108.0,96.0,97.3499984741211,2936929
2023-12-21,95.9000015258789,101.1500015258789,95.0,100.5,2172171
2023-12-22,100.5999984741211,103.94999694824219,100.5999984741211,102.8499984741211,1455298
2023-12-26,103.0,104.75,102.30000305175781,103.44999694824219,905765
2023-12-27,103.55000305175781,105.44999694824219,100.8499984741211,102.0999984741211,1443156
2023-12-28,102.80000305175781,104.4000015258789,99.8499984741211,100.6500015258789,1049138
2023-12-29,101.0999984741211,102.8499984741211,100.55000305175781,100.80000305175781,773357
2024-01-01,101.0,104.80000305175781,100.6500015258789,103.5999984741211,1573379
2024-01-02,104.0,115.0,103.5,114.19999694824219,11723520
2024-01-03,114.30000305175781,114.9000015258789,111.19999694824219,111.80000305175781,3253117
2024-01-04,112.6500015258789,114.25,109.30000305175781,110.0,2033013
2024-01-05,110.5999984741211,113.75,110.25,112.19999694824219,2188018
2024-01-08,112.80000305175781,115.0,109.69999694824219,110.69999694824219,1703302
2024-01-09,110.0,116.4000015258789,109.80000305175781,111.69999694824219,4448285
2024-01-10,112.8499984741211,113.0,110.25,111.80000305175781,1212547
2024-01-11,113.0,113.5999984741211,109.5999984741211,111.19999694824219,1070196
2024-01-12,114.0999984741211,117.4000015258789,113.75,114.5999984741211,4354997
2024-01-15,115.0,117.44999694824219,112.44999694824219,116.1500015258789,4083125
2024-01-16,117.30000305175781,118.0,110.94999694824219,113.9000015258789,2610378
2024-01-17,112.94999694824219,113.3499984741211,110.19999694824219,110.5999984741211,1291444
2024-01-18,110.44999694824219,111.80000305175781,106.25,110.30000305175781,1451369
2024-01-19,111.30000305175781,112.30000305175781,108.4000015258789,109.05000305175781,958643
2024-01-23,111.75,113.05000305175781,106.80000305175781,107.5999984741211,1258919
2024-01-24,107.0,109.8499984741211,106.5999984741211,108.5999984741211,631798
2024-01-25,110.0,111.0,104.3499984741211,107.80000305175781,872393
2024-01-29,110.80000305175781,110.80000305175781,106.4000015258789,106.94999694824219,1070681
2024-01-30,107.0,108.4000015258789,106.5999984741211,106.94999694824219,597146
2024-01-31,107.44999694824219,108.6500015258789,105.5,106.5,752900
2024-02-01,106.5999984741211,107.30000305175781,104.0,104.94999694824219,732380
2024-02-02,106.94999694824219,109.30000305175781,105.0999984741211,105.55000305175781,1043293
2024-02-05,106.0999984741211,108.4000015258789,104.5999984741211,105.44999694824219,886124
2024-02-06,106.0,106.5999984741211,104.30000305175781,104.5999984741211,575389
2024-02-07,104.5,106.5,104.19999694824219,105.69999694824219,698809
2024-02-08,106.0999984741211,106.5,101.4000015258789,103.25,887420
2024-02-09,104.0,104.19999694824219,99.75,102.94999694824219,896044
2024-02-12,102.05000305175781,103.44999694824219,96.0,97.1500015258789,1212376
2024-02-13,97.05000305175781,98.94999694824219,94.3499984741211,98.05000305175781,764545
2024-02-14,98.0,101.30000305175781,97.5,101.05000305175781,472424
2024-02-15,101.6500015258789,102.5,100.5999984741211,101.25,356686
2024-02-16,101.25,102.5999984741211,101.05000305175781,101.5,334388
2024-02-19,102.05000305175781,102.5999984741211,99.5,100.05000305175781,468523
2024-02-20,101.4000015258789,102.3499984741211,100.0,100.8499984741211,399650
2024-02-21,101.44999694824219,101.6500015258789,98.5,99.0,414097
2024-02-22,98.0999984741211,99.69999694824219,97.3499984741211,98.8499984741211,608802
2024-02-23,99.5,100.0999984741211,98.5,99.0,466562
2024-02-26,99.5999984741211,99.94999694824219,97.55000305175781,97.8499984741211,471438
2024-02-27,98.80000305175781,98.80000305175781,97.5999984741211,97.94999694824219,246587
2024-02-28,98.0,98.75,95.0999984741211,96.5,545753
2024-02-29,96.4000015258789,96.69999694824219,94.3499984741211,95.44999694824219,336929
2024-03-01,96.0,97.30000305175781,95.8499984741211,96.44999694824219,218692
2024-03-04,96.9000015258789,97.4000015258789,94.5,95.30000305175781,383516
2024-03-05,95.55000305175781,96.0999984741211,93.75,94.05000305175781,422411
2024-03-06,94.4000015258789,94.9000015258789,92.05000305175781,93.4000015258789,813064
2024-03-07,93.80000305175781,95.5999984741211,92.1500015258789,93.3499984741211,607982
2024-03-11,93.5,94.25,89.6500015258789,90.05000305175781,760724
2024-03-12,90.5,91.5,87.44999694824219,88.05000305175781,955816
2024-03-13,88.3499984741211,89.55000305175781,81.75,82.4000015258789,986334
2024-03-14,82.4000015258789,87.55000305175781,81.5999984741211,86.3499984741211,828131
2024-03-15,87.44999694824219,89.19999694824219,85.5,87.0999984741211,645226
2024-03-18,86.19999694824219,88.80000305175781,86.19999694824219,87.25,409278
2024-03-19,87.25,87.55000305175781,85.5,85.94999694824219,383710
2024-03-20,86.80000305175781,86.9000015258789,84.1500015258789,85.5,667378
2024-03-21,86.05000305175781,88.0999984741211,86.05000305175781,87.25,404803
2024-03-22,87.80000305175781,89.0,87.25,88.1500015258789,445485
2024-03-26,88.5999984741211,94.8499984741211,87.1500015258789,89.5,1526126
2024-03-27,89.75,91.94999694824219,88.5999984741211,89.69999694824219,1066253
2024-03-28,90.4000015258789,91.55000305175781,88.55000305175781,89.3499984741211,860404
2024-04-01,90.19999694824219,94.0,90.19999694824219,93.55000305175781,722778
2024-04-02,94.0,96.0,92.05000305175781,94.25,1613438
2024-04-03,95.0,102.5,94.19999694824219,102.0,2923512
2024-04-04,102.5,102.5,99.5,100.94999694824219,967351
2024-04-05,100.75,101.8499984741211,100.0,101.5,558239
2024-04-08,102.19999694824219,106.8499984741211,101.5999984741211,103.8499984741211,1684720
2024-04-09,103.69999694824219,107.44999694824219,102.69999694824219,104.4000015258789,1433799
2024-04-10,105.0,106.0,104.4000015258789,105.0,732954
2024-04-12,104.80000305175781,105.3499984741211,103.0,103.5,900904
2024-04-15,100.1500015258789,102.4000015258789,97.0,100.25,771305
2024-04-16,98.75,103.44999694824219,98.75,101.5,657767
2024-04-18,102.0,103.5,100.5999984741211,101.55000305175781,878708
2024-04-19,100.4000015258789,104.5999984741211,99.75,103.94999694824219,1811237
2024-04-22,108.44999694824219,109.44999694824219,103.6500015258789,104.05000305175781,3998238
2024-04-23,104.5999984741211,104.9000015258789,101.8499984741211,102.80000305175781,778609
2024-04-24,103.5,104.5999984741211,102.44999694824219,102.80000305175781,622945
2024-04-25,102.80000305175781,103.3499984741211,100.8499984741211,101.25,585805
2024-04-26,101.94999694824219,103.0999984741211,101.05000305175781,101.30000305175781,579701
2024-04-29,102.6500015258789,102.6500015258789,100.19999694824219,100.80000305175781,483634
2024-04-30,101.3499984741211,102.4000015258789,100.25,101.19999694824219,536957
2024-05-02,101.80000305175781,101.9000015258789,100.05000305175781,100.25,344398
2024-05-03,100.0,101.30000305175781,99.19999694824219,100.19999694824219,594641
2024-05-06,100.25,101.4000015258789,97.69999694824219,99.3499984741211,497350
2024-05-07,99.5,99.5999984741211,96.25,97.1500015258789,392235
2024-05-08,96.8499984741211,98.69999694824219,96.3499984741211,96.8499984741211,425627
2024-05-09,97.0,97.80000305175781,94.3499984741211,94.6500015258789,327016
2024-05-10,95.1500015258789,96.3499984741211,94.0,95.05000305175781,412353
2024-05-13,96.0,96.1500015258789,94.05000305175781,94.9000015258789,225404
2024-05-14,95.0999984741211,97.44999694824219,95.0999984741211,97.1500015258789,413321
2024-05-15,97.1500015258789,98.69999694824219,96.69999694824219,97.05000305175781,247568
2024-05-16,97.44999694824219,99.69999694824219,97.19999694824219,98.5999984741211,454588
2024-05-17,98.8499984741211,99.6500015258789,98.5,99.0,274070
2024-05-21,99.4000015258789,99.55000305175781,97.4000015258789,97.5999984741211,423709
2024-05-22,97.5,98.75,97.19999694824219,97.75,339328
2024-05-23,97.5,99.05000305175781,97.4000015258789,98.0999984741211,384720
2024-05-24,98.0,98.44999694824219,96.25,96.6500015258789,350900
2024-05-27,96.6500015258789,96.9000015258789,94.0,94.5999984741211,586546
2024-05-28,94.5999984741211,95.8499984741211,94.0,94.19999694824219,241798
2024-05-29,93.94999694824219,94.30000305175781,93.55000305175781,93.80000305175781,184146
2024-05-30,93.80000305175781,94.0,92.9000015258789,93.0999984741211,220270
2024-05-31,93.4000015258789,95.5999984741211,91.80000305175781,93.94999694824219,334790
2024-06-03,96.0,96.30000305175781,94.3499984741211,95.5,381388
2024-06-04,96.30000305175781,96.30000305175781,88.5,89.9000015258789,864454
2024-06-05,91.0,94.25,88.5,93.05000305175781,328329
2024-06-06,93.44999694824219,95.55000305175781,92.80000305175781,94.55000305175781,330939
2024-06-07,94.3499984741211,96.8499984741211,94.3499984741211,96.3499984741211,350382
2024-06-10,96.94999694824219,98.12000274658203,95.8499984741211,96.29000091552734,451463
2024-06-11,97.0,100.0,96.43000030517578,99.68000030517578,957885
2024-06-12,99.5999984741211,102.19999694824219,99.5999984741211,100.7300033569336,890022
2024-06-13,101.97000122070312,104.4000015258789,101.30000305175781,103.58000183105469,1927782
2024-06-14,103.58000183105469,105.48999786376953,102.5,102.91999816894531,1216088
2024-06-18,104.16999816894531,107.5999984741211,103.62000274658203,106.9800033569336,2096923
2024-06-19,107.48999786376953,120.0,107.0,119.0199966430664,15360656
2024-06-20,120.0,130.0,119.61000061035156,125.80999755859375,12219450
2024-06-21,126.0,137.60000610351562,123.51000213623047,136.5399932861328,11653262
2024-06-24,134.41000366210938,135.49000549316406,128.7899932861328,132.13999938964844,4725256
2024-06-25,133.0,133.6999969482422,125.0999984741211,126.4800033569336,1720369
2024-06-26,127.5999984741211,131.39999389648438,126.4800033569336,128.7100067138672,1376226
2024-06-27,129.10000610351562,129.10000610351562,122.18000030517578,125.13999938964844,1367221
2024-06-28,125.5999984741211,131.10000610351562,118.0999984741211,129.7100067138672,2829346
2024-07-01,132.39999389648438,132.39999389648438,125.3499984741211,128.5,1646466
2024-07-02,128.4199981689453,132.1300048828125,126.93000030517578,130.77999877929688,1644345
2024-07-03,130.89999389648438,141.5500030517578,130.89999389648438,138.64999389648438,6635670
2024-07-04,140.0,144.89999389648438,139.0,141.22000122070312,6022673
2024-07-05,141.60000610351562,161.25,138.0,157.6300048828125,14324082
2024-07-08,160.0,164.5,153.69000244140625,154.6699981689453,5766695
2024-07-09,155.60000610351562,157.0,147.3000030517578,148.92999267578125,3752058
2024-07-10,149.5,151.0,141.0,147.5800018310547,2469907
2024-07-11,149.5,154.16000366210938,148.0,150.49000549316406,2300754
2024-07-12,152.3000030517578,152.3000030517578,142.75,143.83999633789062,1857730
2024-07-15,147.7899932861328,152.0,138.5500030517578,141.63999938964844,2886919
2024-07-16,144.0500030517578,152.0,143.00999450683594,149.00999450683594,3697382
2024-07-18,149.0,150.25,143.3000030517578,144.9600067138672,1381737
2024-07-19,144.0,144.8000030517578,136.36000061035156,138.22999572753906,1458461
2024-07-22,136.0,142.38999938964844,131.83999633789062,140.2100067138672,1481141
2024-07-23,140.25,145.0,131.75999450683594,143.77000427246094,1629827
2024-07-24,143.7100067138672,149.0,141.1199951171875,147.4499969482422,1456143
2024-07-25,145.3800048828125,152.4499969482422,143.5500030517578,145.8300018310547,2297590
2024-07-26,146.63999938964844,156.5,145.00999450683594,155.8300018310547,4111435
2024-07-29,157.14999389648438,158.39999389648438,153.0,153.3300018310547,1726158
2024-07-30,153.64999389648438,157.4499969482422,151.60000610351562,152.88999938964844,1492057
2024-07-31,153.5,159.0,148.00999450683594,150.69000244140625,2599014
2024-08-01,150.25999450683594,152.1300048828125,145.3000030517578,146.4499969482422,1576542
2024-08-02,145.0,150.0,141.00999450683594,146.75999450683594,1637525
2024-08-05,142.0,144.86000061035156,138.00999450683594,139.14999389648438,2111038
2024-08-06,140.72999572753906,143.9600067138672,135.10000610351562,135.97999572753906,1572883
2024-08-07,138.5,142.0,136.67999267578125,141.55999755859375,1348503
2024-08-08,143.0,143.0,138.10000610351562,138.7899932861328,865071
2024-08-09,140.0,145.83999633789062,139.41000366210938,142.27999877929688,1502816
2024-08-12,145.0,146.1699981689453,140.9499969482422,144.30999755859375,1131759
2024-08-13,145.3000030517578,145.44000244140625,138.0,138.89999389648438,1286877
2024-08-14,139.60000610351562,140.8000030517578,136.25999450683594,138.6199951171875,1202999
2024-08-16,139.6999969482422,143.8699951171875,139.30999755859375,142.83999633789062,1246693
2024-08-19,143.5500030517578,155.89999389648438,143.49000549316406,154.32000732421875,5793939
2024-08-20,157.89999389648438,158.1999969482422,151.7100067138672,156.69000244140625,3141815
2024-08-21,157.0,157.74000549316406,153.61000061035156,154.25999450683594,1251813
2024-08-22,155.14999389648438,166.25,155.0500030517578,164.38999938964844,11981291
2024-08-23,166.0,171.8000030517578,164.1699981689453,169.25,8021360
2024-08-26,171.74000549316406,173.89999389648438,167.5,168.10000610351562,4169674
2024-08-27,168.36000061035156,171.41000366210938,162.58999633789062,168.30999755859375,3123381
2024-08-28,168.47000122070312,168.92999267578125,163.22000122070312,163.67999267578125,1573994
2024-08-29,163.10000610351562,168.89999389648438,159.10000610351562,162.2100067138672,3540717
2024-08-30,162.5,169.1999969482422,161.5,165.4600067138672,2912106
2024-09-02,166.77999877929688,174.99000549316406,165.4600067138672,167.60000610351562,6785689
2024-09-03,169.63999938964844,170.4199981689453,164.0,166.8300018310547,2019736
2024-09-04,162.8000030517578,177.0,162.8000030517578,172.5,7208347
2024-09-05,173.8699951171875,176.9499969482422,169.0,172.25,3979393
2024-09-06,172.0,172.14999389648438,161.30999755859375,163.27999877929688,4067245
2024-09-09,162.9600067138672,163.24000549316406,157.14999389648438,160.35000610351562,3029428
2024-09-10,161.00999450683594,165.85000610351562,161.00999450683594,161.9600067138672,1691122
2024-09-11,162.27999877929688,164.8000030517578,156.0,156.92999267578125,1757627
2024-09-12,157.7899932861328,160.0,156.82000732421875,158.0500030517578,1306032
2024-09-13,158.1999969482422,163.13999938964844,157.25,161.39999389648438,1400780
2024-09-16,162.39999389648438,165.6999969482422,160.00999450683594,161.8699951171875,1372279
2024-09-17,162.0,162.49000549316406,158.16000366210938,158.86000061035156,1121888
2024-09-18,158.11000061035156,160.3699951171875,154.41000366210938,155.77999877929688,1315376
2024-09-19,157.0,158.86000061035156,148.1999969482422,151.50999450683594,2079267
2024-09-20,152.1999969482422,158.0,152.02999877929688,154.13999938964844,1414252
2024-09-23,155.49000549316406,164.5,155.1699981689453,163.72000122070312,3091480
2024-09-24,165.5,165.6999969482422,157.64999389648438,158.80999755859375,1466174
2024-09-25,158.7100067138672,159.14999389648438,154.4499969482422,155.2899932861328,831606
2024-09-26,154.25,155.3300018310547,151.6199951171875,152.7100067138672,836332
2024-09-27,152.6999969482422,157.8000030517578,151.0,152.24000549316406,1122546
2024-09-30,152.14999389648438,153.5,148.5500030517578,151.47000122070312,1050665
2024-10-01,151.5,156.0,151.47000122070312,155.13999938964844,904079
2024-10-03,153.0,154.9199981689453,148.44000244140625,149.00999450683594,1143452
2024-10-04,149.0,151.2899932861328,144.3000030517578,146.63999938964844,1122223
2024-10-07,146.63999938964844,148.2899932861328,138.22000122070312,140.2100067138672,1453933
2024-10-08,140.8300018310547,147.1999969482422,138.1199951171875,146.5399932861328,1342562
2024-10-09,147.0,148.42999267578125,144.6699981689453,145.66000366210938,787049
2024-10-10,146.0,162.89999389648438,146.0,158.8000030517578,8617337
2024-10-11,158.11000061035156,161.0,155.39999389648438,158.0399932861328,1539595
2024-10-14,158.10000610351562,158.8000030517578,153.8000030517578,155.17999267578125,730650
2024-10-15,154.6999969482422,161.39999389648438,154.25,156.1699981689453,1367375
2024-10-16,154.94000244140625,161.5,154.00999450683594,160.6999969482422,1858806
2024-10-17,162.0,163.89999389648438,153.0,153.35000610351562,1729420
2024-10-18,152.5,157.25,149.00999450683594,154.3800048828125,1138302
2024-10-21,154.0,155.99000549316406,146.39999389648438,149.13999938964844,929145
2024-10-22,144.0,144.8000030517578,136.85000610351562,138.1199951171875,2632001
2024-10-23,138.1199951171875,145.3800048828125,138.1199951171875,139.2899932861328,1205324
2024-10-24,140.35000610351562,142.7899932861328,133.1699981689453,133.99000549316406,1075634
2024-10-25,134.66000366210938,135.89999389648438,126.54000091552734,127.63999938964844,1628688
2024-10-28,127.80999755859375,134.6999969482422,126.33999633789062,130.92999267578125,1261012
2024-10-29,131.44000244140625,133.7899932861328,127.91000366210938,131.0800018310547,1012390
2024-10-30,130.9199981689453,137.8000030517578,130.9199981689453,135.8000030517578,963276
2024-10-31,134.8000030517578,136.58999633789062,132.75,135.38999938964844,693061
2024-11-01,136.0,138.75999450683594,135.39999389648438,136.80999755859375,255904
2024-11-04,136.0,136.66000366210938,131.14999389648438,132.0500030517578,637724
2024-11-05,132.0,133.82000732421875,131.0,132.8000030517578,560033
2024-11-06,133.1999969482422,140.0,133.1999969482422,138.75999450683594,770365
2024-11-07,138.75999450683594,141.0,135.0,135.42999267578125,749865
2024-11-08,135.60000610351562,136.3800048828125,129.55999755859375,130.72000122070312,1075576
2024-11-11,131.5,131.5,124.1500015258789,126.63999938964844,784373
2024-11-12,126.63999938964844,129.6699981689453,125.1500015258789,125.68000030517578,564308
2024-11-13,125.5,125.56999969482422,119.0999984741211,119.98999786376953,1064749
2024-11-14,120.22000122070312,123.73999786376953,118.58999633789062,119.91000366210938,818436
2024-11-18,119.91000366210938,122.7300033569336,116.45999908447266,120.73999786376953,962245
2024-11-19,121.5,125.62999725341797,121.04000091552734,121.7699966430664,702671
2024-11-21,121.1500015258789,121.4000015258789,118.19999694824219,118.75,772386
2024-11-22,119.25,121.94999694824219,119.16999816894531,121.1500015258789,589149
2024-11-25,122.94999694824219,127.69999694824219,122.75,123.62999725341797,1181088
2024-11-26,123.5,126.44999694824219,123.30999755859375,125.41999816894531,345192
2024-11-27,125.5,127.55000305175781,124.0,126.04000091552734,636798
2024-11-28,125.55000305175781,129.67999267578125,125.54000091552734,126.62000274658203,634242
2024-11-29,127.0,127.56999969482422,124.51000213623047,126.83999633789062,458223
2024-12-02,126.83999633789062,131.0,125.5999984741211,130.39999389648438,749840
2024-12-03,130.83999633789062,132.41000366210938,130.52999877929688,131.50999450683594,542899
2024-12-04,131.50999450683594,139.7899932861328,131.39999389648438,137.25,1954724
2024-12-05,137.0,138.75,134.5500030517578,135.94000244140625,841992
2024-12-06,136.0,145.9199981689453,135.77999877929688,143.27000427246094,2218872
2024-12-09,143.88999938964844,146.4499969482422,141.0399932861328,141.66000366210938,711565
2024-12-10,141.8800048828125,149.89999389648438,139.89999389648438,147.7100067138672,1094763
2024-12-11,148.85000610351562,150.66000366210938,147.0,147.8000030517578,1131023
2024-12-12,146.0,147.8000030517578,142.1999969482422,143.19000244140625,436650
2024-12-13,142.49000549316406,153.89999389648438,140.89999389648438,150.60000610351562,4393635
2024-12-16,148.35000610351562,152.4600067138672,148.0,148.33999633789062,778905
2024-12-17,147.94000244140625,157.67999267578125,147.35000610351562,151.8000030517578,2179633
2024-12-18,151.8000030517578,154.02999877929688,147.2100067138672,148.1699981689453,849010
2024-12-19,144.9499969482422,149.24000549316406,144.00999450683594,146.3699951171875,730475
2024-12-20,146.9499969482422,148.10000610351562,140.6999969482422,141.22000122070312,569343
2024-12-23,142.0,143.32000732421875,137.0,137.5500030517578,712994
2024-12-24,138.5,140.47000122070312,135.5800018310547,136.35000610351562,404970
2024-12-26,137.39999389648438,138.0500030517578,135.4199981689453,136.02999877929688,366017
2024-12-27,137.5,138.8300018310547,136.25,137.11000061035156,320319
2024-12-30,136.99000549316406,136.99000549316406,132.36000061035156,132.89999389648438,392777
2024-12-31,132.85000610351562,137.39999389648438,132.30999755859375,136.8699951171875,413778
2025-01-01,137.9600067138672,138.94000244140625,136.41000366210938,137.17999267578125,236043
2025-01-02,137.6999969482422,138.75,136.0,137.64999389648438,340378
2025-01-03,137.85000610351562,139.1199951171875,134.57000732421875,135.02999877929688,759704
2025-01-06,135.6999969482422,135.94000244140625,126.8499984741211,127.33999633789062,644846
2025-01-07,126.55000305175781,132.0,126.20999908447266,128.9499969482422,769180
2025-01-08,129.97999572753906,130.08999633789062,126.69000244140625,127.38999938964844,274955
2025-01-09,127.30000305175781,130.83999633789062,126.5,127.20999908447266,464833
2025-01-10,126.51000213623047,126.94999694824219,121.5,122.44999694824219,525292
2025-01-13,120.1500015258789,122.01000213623047,117.01000213623047,119.33000183105469,892566
2025-01-14,120.44999694824219,124.69999694824219,120.44999694824219,123.48999786376953,377737
2025-01-15,124.69999694824219,125.93000030517578,121.48999786376953,122.52999877929688,290634
2025-01-16,124.98999786376953,130.69000244140625,124.61000061035156,125.33000183105469,1317678
2025-01-17,124.48999786376953,125.23999786376953,122.70999908447266,123.33000183105469,385414
2025-01-20,125.0,126.25,123.19000244140625,125.04000091552734,330904
2025-01-21,125.5,128.5,123.58000183105469,126.0999984741211,356173
2025-01-22,126.19999694824219,126.19999694824219,121.5999984741211,122.37999725341797,295822
2025-01-23,121.47000122070312,124.29000091552734,121.01000213623047,121.9000015258789,295392
2025-01-24,122.6500015258789,122.7300033569336,118.0,118.6500015258789,354111
2025-01-27,118.11000061035156,118.11000061035156,109.55000305175781,110.12999725341797,1153581
2025-01-28,110.5,112.06999969482422,103.0,107.88999938964844,1468125
2025-01-29,107.01000213623047,127.36000061035156,106.94000244140625,121.41999816894531,1595430
2025-01-30,119.05000305175781,122.12000274658203,117.06999969482422,118.12999725341797,584956
2025-01-31,117.4000015258789,123.0,117.26000213623047,122.43000030517578,671624
2025-02-01,122.1500015258789,124.69999694824219,118.48999786376953,121.66000366210938,324969
2025-02-03,120.19999694824219,120.55000305175781,115.0,116.41999816894531,502886
2025-02-04,116.98999786376953,120.77999877929688,115.93000030517578,118.48999786376953,593947
2025-02-05,119.04000091552734,121.69999694824219,118.91000366210938,119.87999725341797,389274
2025-02-06,120.5,121.31999969482422,118.0999984741211,119.01000213623047,315983
2025-02-07,119.16000366210938,119.95999908447266,116.5,117.58999633789062,415241
2025-02-10,118.04000091552734,118.3499984741211,113.75,114.51000213623047,322481
2025-02-11,114.5,114.73999786376953,108.4000015258789,109.73999786376953,403906
2025-02-12,109.26000213623047,113.5999984741211,106.83000183105469,111.70999908447266,844323
2025-02-13,111.58999633789062,119.77999877929688,111.0,114.22000122070312,631570
2025-02-14,114.55000305175781,115.05000305175781,106.02999877929688,106.68000030517578,825537
2025-02-17,105.0,107.79000091552734,103.22000122070312,105.08999633789062,815793
2025-02-18,106.98999786376953,107.91999816894531,101.12000274658203,102.2300033569336,596506
2025-02-19,105.73999786376953,107.25,103.08999633789062,106.47000122070312,490146
2025-02-20,106.8499984741211,108.23999786376953,105.11000061035156,106.77999877929688,503645
2025-02-21,106.69999694824219,109.79000091552734,104.0,104.79000091552734,662825
2025-02-24,105.48999786376953,105.62000274658203,101.80999755859375,104.13999938964844,516081
2025-02-25,103.80000305175781,106.23999786376953,103.45999908447266,104.02999877929688,336247
2025-02-27,105.0,106.72000122070312,103.27999877929688,103.97000122070312,643869
2025-02-28,102.0,103.61000061035156,99.5,100.19000244140625,639138
2025-03-03,100.25,101.08999633789062,95.0,98.38999938964844,740162
2025-03-04,98.43000030517578,101.68000030517578,96.61000061035156,100.52999877929688,426722
2025-03-05,100.94999694824219,106.37000274658203,100.87999725341797,104.62000274658203,698341
2025-03-06,105.80999755859375,108.6500015258789,105.80000305175781,107.47000122070312,471448
2025-03-07,108.25,110.54000091552734,107.01000213623047,108.6500015258789,525113
2025-03-10,108.0,109.08999633789062,103.94999694824219,104.29000091552734,458221
2025-03-11,103.0,104.12999725341797,99.19999694824219,103.44999694824219,639769
2025-03-12,105.04000091552734,106.0,101.0,102.51000213623047,393731
2025-03-13,103.05000305175781,103.56999969482422,100.0,100.63999938964844,403526
2025-03-17,101.5,103.47000122070312,99.5,100.0,485521
2025-03-18,100.0,100.0,100.0,100.0,0
2025-03-19,107.0,110.5999984741211,104.79000091552734,108.43000030517578,1273132
2025-03-20,109.56999969482422,113.02999877929688,108.95999908447266,109.41000366210938,612580
2025-03-21,109.9000015258789,113.94999694824219,109.9000015258789,111.29000091552734,727498
2025-03-24,113.80000305175781,116.16999816894531,111.43000030517578,113.12000274658203,1152047
2025-03-25,113.44999694824219,114.54000091552734,108.55000305175781,109.48999786376953,944247
2025-03-26,108.69999694824219,111.0999984741211,107.0,107.91999816894531,827863
2025-03-27,108.75,112.9000015258789,107.51000213623047,110.77999877929688,1900534
2025-03-28,110.25,112.01000213623047,108.5,108.91000366210938,633425
2025-04-01,108.4000015258789,111.9000015258789,107.22000122070312,110.98999786376953,547164
2025-04-02,111.5999984741211,112.0,109.25,111.18000030517578,464790
2025-04-03,110.94999694824219,114.05000305175781,110.0,113.08999633789062,441616
2025-04-04,112.30000305175781,112.9000015258789,106.02999877929688,107.12999725341797,839627
2025-04-07,90.0,103.18000030517578,90.0,102.30000305175781,804497
2025-04-08,104.0,107.0,103.5,105.83000183105469,348901
2025-04-09,105.44000244140625,105.79000091552734,103.25,104.38999938964844,220756
2025-04-11,106.4000015258789,107.8499984741211,105.9000015258789,106.63999938964844,240620
2025-04-15,108.0,110.9800033569336,107.91000366210938,110.56999969482422,451863
2025-04-16,110.98999786376953,114.0,110.98999786376953,111.56999969482422,631086
2025-04-17,111.9000015258789,114.75,110.8499984741211,112.66000366210938,689351
2025-04-21,113.0,114.88999938964844,112.08000183105469,113.7699966430664,518903
2025-04-22,114.3499984741211,115.4800033569336,113.01000213623047,114.26000213623047,360361
2025-04-23,114.9000015258789,116.0,112.5,114.75,451211
2025-04-24,114.19999694824219,116.9000015258789,114.05000305175781,115.68000030517578,560392
2025-04-25,116.0,116.44999694824219,109.4000015258789,110.68000030517578,758469
2025-04-28,109.44999694824219,113.9000015258789,107.38999938964844,110.13999938964844,682351
2025-04-29,110.30000305175781,112.79000091552734,108.54000091552734,109.80999755859375,325600
2025-04-30,109.95999908447266,110.0999984741211,106.94000244140625,108.02999877929688,381236
2025-05-02,108.02999877929688,109.72000122070312,107.22000122070312,107.9000015258789,209665
2025-05-05,108.02999877929688,109.05000305175781,107.31999969482422,107.61000061035156,294401
2025-05-06,107.61000061035156,108.2699966430664,104.0,104.33999633789062,355967
2025-05-07,102.05000305175781,106.20999908447266,102.05000305175781,105.43000030517578,413603
2025-05-08,105.77999877929688,107.54000091552734,103.18000030517578,103.62000274658203,198212
2025-05-09,101.98999786376953,104.30000305175781,100.75,103.79000091552734,275207
2025-05-12,106.30999755859375,109.44999694824219,106.30999755859375,109.01000213623047,507145
2025-05-13,109.08000183105469,111.0,108.11000061035156,109.80999755859375,388418
2025-05-14,110.0,111.0999984741211,109.62000274658203,110.9800033569336,287285
2025-05-15,111.30000305175781,112.98999786376953,110.4800033569336,112.63999938964844,309081
2025-05-16,112.6500015258789,114.0999984741211,112.08999633789062,113.13999938964844,345198
2025-05-19,113.13999938964844,117.80000305175781,113.0999984741211,116.70999908447266,814949
2025-05-20,117.25,117.5,113.5999984741211,114.58999633789062,525388
2025-05-21,114.38999938964844,115.87000274658203,113.19999694824219,114.6500015258789,340292
2025-05-22,114.2300033569336,115.43000030517578,113.86000061035156,114.45999908447266,331203
2025-05-23,115.0,115.79000091552734,113.51000213623047,114.69999694824219,376808
2025-05-26,114.5999984741211,115.87000274658203,112.77999877929688,113.0999984741211,368472
2025-05-27,112.69999694824219,113.87000274658203,112.0999984741211,112.95999908447266,228019
2025-05-28,112.19999694824219,114.54000091552734,112.19999694824219,112.61000061035156,210585
2025-05-29,112.9000015258789,114.4800033569336,112.9000015258789,113.79000091552734,187803
2025-05-30,113.44000244140625,121.69999694824219,113.11000061035156,119.06999969482422,2360485
2025-06-02,120.19999694824219,122.44999694824219,117.7699966430664,118.87999725341797,1139233
2025-06-03,119.45999908447266,119.83000183105469,115.5999984741211,116.01000213623047,560110
2025-06-04,116.05999755859375,118.69999694824219,115.25,116.68000030517578,464060
2025-06-05,116.3499984741211,119.4000015258789,116.3499984741211,117.01000213623047,394881
2025-06-06,117.94000244140625,118.0,116.12000274658203,116.61000061035156,281530
2025-06-09,117.0,119.30000305175781,115.87000274658203,117.11000061035156,746549
2025-06-10,117.9000015258789,118.80000305175781,116.91999816894531,117.76000213623047,315187
2025-06-11,118.0999984741211,123.80000305175781,117.55000305175781,120.3499984741211,1955237
2025-06-12,120.5,121.5999984741211,117.25,117.9000015258789,523162
2025-06-13,115.80000305175781,116.52999877929688,114.0,115.29000091552734,558147
2025-06-16,115.2699966430664,116.69000244140625,112.52999877929688,114.20999908447266,354023
2025-06-17,114.80000305175781,115.83999633789062,113.19999694824219,114.12999725341797,389428
2025-06-18,114.0999984741211,115.11000061035156,112.56999969482422,113.18000030517578,226201
2025-06-19,113.44999694824219,114.47000122070312,108.4800033569336,109.44999694824219,668658
2025-06-20,109.6500015258789,111.7699966430664,109.5199966430664,110.54000091552734,217774
2025-06-23,109.11000061035156,111.94000244140625,109.0,110.48999786376953,277129
2025-06-24,111.0999984741211,114.23999786376953,111.0999984741211,111.7300033569336,400687
2025-06-25,112.19999694824219,116.79000091552734,112.19999694824219,115.72000122070312,414793
2025-06-26,116.44999694824219,117.4000015258789,114.12000274658203,116.88999938964844,378797
2025-06-27,117.5,118.06999969482422,115.5999984741211,116.04000091552734,285597
2025-06-30,115.51000213623047,119.44000244140625,115.51000213623047,117.30000305175781,576659
2025-07-01,117.30000305175781,118.98999786376953,115.98999786376953,116.80000305175781,379112
2025-07-02,116.70999908447266,117.4000015258789,115.0,116.19000244140625,218324
2025-07-03,116.0999984741211,116.61000061035156,114.52999877929688,114.98999786376953,205856
2025-07-04,115.0,116.25,115.0,115.80999755859375,191768
2025-07-07,116.0,117.98999786376953,115.1500015258789,116.88999938964844,413067
2025-07-08,116.44999694824219,117.77999877929688,115.0,115.68000030517578,226354
2025-07-09,115.5999984741211,116.19000244140625,114.72000122070312,115.29000091552734,188557
2025-07-10,115.29000091552734,115.69000244140625,113.33999633789062,114.37999725341797,219299
2025-07-11,114.1500015258789,114.69999694824219,112.25,113.31999969482422,222748
2025-07-14,113.5,113.83999633789062,112.19999694824219,113.18000030517578,185774
2025-07-15,113.5,114.94000244140625,113.5,114.2300033569336,162936
2025-07-16,113.8499984741211,114.76000213623047,112.94999694824219,114.0199966430664,208018
2025-07-17,114.0999984741211,114.83000183105469,113.19999694824219,113.7300033569336,154856
2025-07-18,114.5,118.0,114.26000213623047,116.01000213623047,1151126
2025-07-21,116.30000305175781,116.91000366210938,113.44000244140625,113.76000213623047,318911
2025-07-22,113.5199966430664,115.47000122070312,113.5,113.87999725341797,297943
2025-07-23,114.5,114.5,112.4000015258789,112.72000122070312,311196
2025-07-24,113.0,113.86000061035156,111.11000061035156,111.80999755859375,338010
2025-07-25,111.69000244140625,111.9800033569336,109.08999633789062,109.41000366210938,374579
2025-07-28,109.41000366210938,111.83000183105469,107.69000244140625,108.25,322347
2025-07-29,108.0,111.19999694824219,106.9000015258789,110.19000244140625,288672
2025-07-30,111.2699966430664,111.33000183105469,109.30000305175781,109.56999969482422,136179
2025-07-31,109.02999877929688,116.44999694824219,107.0,115.51000213623047,1040710
2025-08-01,116.3499984741211,117.5,113.73999786376953,115.51000213623047,864565
2025-08-04,115.36000061035156,115.36000061035156,111.87000274658203,112.75,270278
2025-08-05,113.0999984741211,115.83999633789062,112.43000030517578,114.7300033569336,237563
2025-08-06,114.77999877929688,115.0999984741211,111.29000091552734,111.52999877929688,250030
2025-08-07,111.3499984741211,111.7300033569336,107.55000305175781,109.2699966430664,328379
2025-08-08,109.94999694824219,114.69000244140625,109.5,111.20999908447266,579814
2025-08-11,110.66000366210938,112.80000305175781,109.62999725341797,110.08999633789062,249888
2025-08-12,110.98999786376953,112.5,110.02999877929688,110.55000305175781,196975
2025-08-13,111.05000305175781,113.0,106.0,108.12000274658203,676271
2025-08-14,108.9800033569336,108.9800033569336,105.91000366210938,106.0,454368
2025-08-18,107.4000015258789,108.19999694824219,106.8499984741211,107.27999877929688,267569
2025-08-19,107.79000091552734,109.97000122070312,107.3499984741211,109.19000244140625,395744
2025-08-20,108.5,109.5999984741211,105.51000213623047,108.54000091552734,277538
2025-08-21,108.5,109.95999908447266,107.9000015258789,108.18000030517578,188521
2025-08-22,108.5,109.22000122070312,106.72000122070312,107.16000366210938,270262
2025-08-25,107.19999694824219,108.12999725341797,106.81999969482422,107.0199966430664,136825
2025-08-26,107.0,107.0199966430664,104.0,105.05999755859375,282466
2025-08-28,105.0,106.73999786376953,104.30000305175781,105.16000366210938,209477
2025-08-29,105.0,105.3499984741211,103.20999908447266,103.73999786376953,222856
2025-09-01,104.0,106.80000305175781,102.97000122070312,104.56999969482422,330126
2025-09-02,105.05000305175781,108.45999908447266,104.72000122070312,106.5,392004
2025-09-03,106.80000305175781,107.69999694824219,106.4000015258789,107.22000122070312,223400
2025-09-04,107.69999694824219,108.58999633789062,106.2300033569336,106.5,159183
2025-09-05,106.5999984741211,106.9000015258789,104.8499984741211,105.55000305175781,206697
2025-09-08,105.55000305175781,107.0,105.0,105.0999984741211,230425
2025-09-09,105.1500015258789,106.38999938964844,105.0,105.36000061035156,169037
2025-09-10,105.80000305175781,107.0,105.79000091552734,106.19999694824219,184669
2025-09-11,106.19999694824219,107.37000274658203,105.55000305175781,105.83000183105469,252418
2025-09-12,105.51000213623047,106.19000244140625,105.0,105.18000030517578,167182
2025-09-15,105.19999694824219,106.5,105.1500015258789,105.69999694824219,226865
2025-09-16,105.8499984741211,106.45999908447266,105.44999694824219,105.75,197880
2025-09-17,106.0,107.63999938964844,106.0,107.08000183105469,243118
2025-09-18,107.0,108.5,105.5999984741211,106.04000091552734,224943
2025-09-19,106.30000305175781,107.5,105.5999984741211,105.97000122070312,286018
2025-09-22,105.9800033569336,106.4000015258789,105.25,105.66999816894531,217426
2025-09-23,105.5999984741211,105.94000244140625,104.3499984741211,105.37000274658203,281297
2025-09-24,105.5999984741211,105.91000366210938,104.0,104.26000213623047,300588
2025-09-25,104.0,104.62000274658203,102.5,102.80000305175781,271137
2025-09-26,102.80000305175781,103.2300033569336,101.02999877929688,102.3499984741211,276870
2025-09-29,102.9000015258789,103.12999725341797,98.0,98.70999908447266,828682
2025-09-30,99.30000305175781,102.33999633789062,99.30000305175781,101.51000213623047,365991
2025-10-01,101.51000213623047,101.80000305175781,100.0,100.66000366210938,205796
2025-10-03,100.66000366210938,102.87000274658203,100.30000305175781,101.63999938964844,278700
2025-10-06,101.9000015258789,102.45999908447266,100.22000122070312,100.54000091552734,227911
2025-10-07,100.0199966430664,101.0,99.5,99.79000091552734,255411
2025-10-08,99.79000091552734,100.6500015258789,99.0,99.77999877929688,272113
2025-10-09,100.19999694824219,102.13999938964844,100.19999694824219,100.7699966430664,240635
2025-10-10,101.0,102.0,100.43000030517578,101.43000030517578,146789
2025-10-13,100.5,101.8499984741211,99.69000244140625,99.97000122070312,167826
2025-10-14,100.6500015258789,100.87000274658203,98.0999984741211,98.93000030517578,264035
2025-10-15,99.5,99.9800033569336,98.0,98.5,449965
2025-10-16,98.5999984741211,99.68000030517578,98.3499984741211,98.70999908447266,216527
2025-10-17,98.5999984741211,99.0,95.98999786376953,96.16999816894531,715870
2025-10-20,96.5199966430664,98.33999633789062,96.26000213623047,97.76000213623047,276166
2025-10-21,97.76000213623047,99.9000015258789,97.70999908447266,99.56999969482422,114869
2025-10-23,99.72000122070312,100.25,99.0,99.31999969482422,201443
2025-10-24,99.4000015258789,100.0,98.41000366210938,98.87000274658203,271459
2025-10-27,98.87999725341797,101.0,98.66999816894531,100.62999725341797,370643
2025-10-28,100.48999786376953,101.0,99.36000061035156,99.63999938964844,317368
2025-10-29,99.69000244140625,101.9000015258789,99.69000244140625,101.75,362813
2025-10-30,102.0,102.5,98.37000274658203,99.45999908447266,621004
2025-10-31,98.5,100.0,98.11000061035156,98.44000244140625,410897
2025-11-03,98.69999694824219,99.22000122070312,98.0,98.66999816894531,271342
2025-11-04,98.11000061035156,98.7300033569336,97.5199966430664,97.83999633789062,180340
2025-11-06,97.5,97.98999786376953,96.0999984741211,96.5,239461
2025-11-07,96.0,96.94999694824219,95.30000305175781,96.0,224056
2025-11-10,96.04000091552734,96.7699966430664,95.5,95.62000274658203,209118
2025-11-11,95.47000122070312,96.5,94.9000015258789,96.0,208818
2025-11-12,96.06999969482422,96.94000244140625,95.72000122070312,96.06999969482422,205336
2025-11-13,96.06999969482422,96.43000030517578,95.51000213623047,95.69000244140625,261024
2025-11-14,95.4800033569336,95.9800033569336,95.36000061035156,95.61000061035156,134976
2025-11-17,95.63999938964844,96.44000244140625,95.01000213623047,95.41000366210938,280081
2025-11-18,95.41000366210938,95.56999969482422,94.44000244140625,94.9000015258789,207940
2025-11-19,94.5,94.7300033569336,93.02999877929688,93.22000122070312,345715
2025-11-20,93.25,93.7300033569336,92.5,92.77999877929688,220656
2025-11-21,92.79000091552734,92.91000366210938,92.19999694824219,92.4000015258789,151181
2025-11-24,92.30000305175781,93.69000244140625,90.05000305175781,90.36000061035156,295111
2025-11-25,90.36000061035156,91.79000091552734,90.3499984741211,91.20999908447266,158767
2025-11-26,91.0,92.05000305175781,90.8499984741211,91.69999694824219,139317
2025-11-27,91.9000015258789,92.94000244140625,91.6500015258789,91.83999633789062,141525
2025-11-28,91.93000030517578,92.6500015258789,91.41000366210938,91.98999786376953,175638
2025-12-01,92.05999755859375,92.44999694824219,90.5,90.91999816894531,159017
2025-12-02,90.91999816894531,92.44999694824219,90.5,92.0,230096
2025-12-03,92.48999786376953,92.48999786376953,90.4000015258789,91.01000213623047,151993
2025-12-04,91.01000213623047,92.80000305175781,90.12999725341797,90.68000030517578,241513
2025-12-05,90.73999786376953,90.98999786376953,90.0,90.23999786376953,155681
2025-12-08,90.30000305175781,91.48999786376953,89.16000366210938,89.73999786376953,227024
2025-12-09,89.0,89.98999786376953,88.0,88.2300033569336,391863
2025-12-10,89.0,90.25,88.76000213623047,89.1500015258789,170323
2025-12-11,89.16000366210938,89.9000015258789,88.58000183105469,89.11000061035156,166183
2025-12-12,89.4800033569336,90.18000030517578,89.01000213623047,89.70999908447266,159491
2025-12-15,89.08000183105469,90.0,88.91999816894531,89.5199966430664,210036
2025-12-16,89.5199966430664,89.5999984741211,88.05000305175781,88.48999786376953,199419
2025-12-17,88.01000213623047,88.73999786376953,87.36000061035156,87.80000305175781,293734
2025-12-18,87.4000015258789,87.61000061035156,85.0999984741211,86.5999984741211,413451
2025-12-19,86.58999633789062,87.26000213623047,85.5,86.44000244140625,417039
2025-12-22,86.51000213623047,87.25,85.80000305175781,86.2300033569336,813702
2025-12-23,86.5,90.48999786376953,86.48999786376953,89.55999755859375,667572
2025-12-24,90.38999938964844,91.55000305175781,89.45999908447266,90.27999877929688,375862
2025-12-26,90.69000244140625,90.69999694824219,89.05000305175781,89.61000061035156,199006
2025-12-29,89.69999694824219,90.3499984741211,88.80000305175781,89.37000274658203,212501
2025-12-30,89.37999725341797,92.30000305175781,86.4000015258789,88.33999633789062,382607
2025-12-31,90.0,91.25,89.94999694824219,90.69000244140625,257022
2026-01-01,90.33999633789062,91.0,90.0,90.6500015258789,161264
2026-01-02,90.0,91.69999694824219,90.0,91.23999786376953,227498
2026-01-05,91.86000061035156,92.87999725341797,89.9000015258789,90.0199966430664,256473
2026-01-06,89.91000366210938,90.48999786376953,88.5,88.87999725341797,303344
2026-01-07,88.30000305175781,89.44999694824219,88.25,88.80000305175781,144114
2026-01-08,88.25,88.80000305175781,87.05000305175781,87.44000244140625,212881
2026-01-09,86.80000305175781,88.05999755859375,85.98999786376953,86.27999877929688,213733
2026-01-12,86.27999877929688,86.27999877929688,82.41000366210938,84.44999694824219,478457
2026-01-13,84.4000015258789,85.69999694824219,84.25,84.87999725341797,169765
2026-01-14,84.69999694824219,87.0,84.69999694824219,85.87000274658203,180597
2026-01-15,85.87000274658203,85.87000274658203,85.87000274658203,85.87000274658203,0
2026-01-16,85.5,86.88999938964844,83.98999786376953,85.18000030517578,420106
2026-01-19,84.0,86.0,83.5,85.62000274658203,267918
2026-01-20,85.05000305175781,85.5,82.5,83.01000213623047,235126
2026-01-21,82.9000015258789,83.5,80.11000061035156,82.43000030517578,625058
2026-01-22,82.87999725341797,83.48999786376953,82.0,82.51000213623047,177069
2026-01-23,82.80000305175781,83.5199966430664,81.55000305175781,82.04000091552734,166183
2026-01-27,82.06999969482422,82.36000061035156,80.25,80.88999938964844,192754
2026-01-28,80.5,83.5,80.5,82.9000015258789,161504
2026-01-29,82.16000366210938,82.98999786376953,80.58999633789062,81.0999984741211,185066
2026-01-30,80.9000015258789,83.0,80.5999984741211,82.55999755859375,197976
2026-02-02,82.0,82.45999908447266,80.0,81.45999908447266,304900
2026-02-03,84.0,84.37999725341797,82.20999908447266,82.86000061035156,192342
2026-02-04,82.86000061035156,86.0,82.5,85.91000366210938,403024
2026-02-05,85.91000366210938,86.80000305175781,84.80999755859375,86.47000122070312,195788
2026-02-06,86.19999694824219,86.27999877929688,85.11000061035156,85.61000061035156,139582
2026-02-09,85.61000061035156,87.38999938964844,85.61000061035156,87.06999969482422,272389
2026-02-10,87.0,88.94999694824219,86.91999816894531,88.6500015258789,283135
2026-02-11,88.5999984741211,88.83000183105469,86.5,86.88999938964844,224968
2026-02-12,86.93000030517578,87.0,85.5,85.95999908447266,212209
2026-02-13,85.3499984741211,85.68000030517578,83.79000091552734,84.63999938964844,269319
2026-02-16,84.6500015258789,85.0,84.01000213623047,84.5999984741211,142949
2026-02-17,84.69999694824219,87.9800033569336,84.20999908447266,87.38999938964844,250704
2026-02-18,87.25,87.72000122070312,85.5,85.80000305175781,189316
2026-02-19,85.5999984741211,86.01000213623047,83.9000015258789,84.20999908447266,171920
2026-02-20,85.9000015258789,86.37000274658203,83.31999969482422,83.69999694824219,196484
2026-02-23,83.70999908447266,84.80999755859375,82.1500015258789,82.8499984741211,168605
2026-02-24,82.7300033569336,83.5199966430664,81.77999877929688,82.37000274658203,212776
2026-02-25,82.58000183105469,82.69000244140625,80.26000213623047,81.27999877929688,310693
2026-02-26,81.27999877929688,82.44999694824219,80.5,80.91000366210938,308269
2026-02-27,80.91999816894531,82.0,80.86000061035156,81.38999938964844,233807
2026-03-02,78.0,80.9000015258789,78.0,80.41000366210938,482865
2026-03-04,78.5,79.83999633789062,77.5999984741211,77.88999938964844,500011
2026-03-05,78.05000305175781,79.0,77.33999633789062,77.91999816894531,378700
2026-03-06,77.91999816894531,78.95999908447266,77.6500015258789,78.2699966430664,247140
2026-03-09,76.30000305175781,80.19999694824219,74.19999694824219,77.30000305175781,750483
2026-03-10,78.02999877929688,81.0,78.02999877929688,80.52999877929688,419197
2026-03-11,80.4800033569336,83.45999908447266,80.45999908447266,81.30000305175781,502050
2026-03-12,80.51000213623047,84.29000091552734,80.05000305175781,83.80999755859375,431820
2026-03-13,83.5,88.0,82.19999694824219,85.5999984741211,1691310
2026-03-16,85.5999984741211,85.5999984741211,81.75,82.69999694824219,471788
2026-03-17,82.6500015258789,83.5199966430664,80.88999938964844,81.5999984741211,357703
2026-03-18,81.83000183105469,90.0,81.83000183105469,87.94999694824219,1176806
2026-03-19,86.0,87.5,84.54000091552734,84.80000305175781,363085
2026-03-20,85.1500015258789,90.0,85.1500015258789,86.52999877929688,535786
2026-03-23,85.19999694824219,85.23999786376953,81.9000015258789,82.44000244140625,564121
2026-03-24,84.0,87.25,84.0,85.68000030517578,646208
2026-03-25,85.70999908447266,87.30000305175781,85.0,85.41999816894531,672084
2026-03-27,84.38999938964844,86.62999725341797,82.55999755859375,83.58999633789062,900782
2026-03-30,82.70999908447266,83.0,81.41000366210938,82.19000244140625,457806
2026-04-01,83.0999984741211,87.25,83.0999984741211,86.25,658428
2026-04-02,85.5199966430664,87.5,83.5999984741211,87.08000183105469,525954
2026-04-06,87.0999984741211,89.87999725341797,85.41000366210938,88.80000305175781,446560
2026-04-07,88.36000061035156,88.94999694824219,85.0999984741211,85.87999725341797,522838
2026-04-08,94.0,94.19999694824219,88.58999633789062,89.19999694824219,772950
2026-04-09,89.4800033569336,92.75,89.4800033569336,90.4800033569336,725592
2026-04-10,90.94999694824219,92.44999694824219,90.94000244140625,91.33000183105469,326006
2026-04-13,90.19000244140625,94.19999694824219,88.61000061035156,93.13999938964844,949035
2026-04-15,94.4000015258789,95.5,93.26000213623047,94.86000061035156,662240
2026-04-16,96.04000091552734,97.5,95.27999877929688,96.6500015258789,1044815
2026-04-17,97.01000213623047,99.19999694824219,96.83999633789062,97.12000274658203,686594
2026-04-20,97.79000091552734,101.3499984741211,95.73999786376953,100.2699966430664,1221272
2026-04-21,100.3499984741211,104.80000305175781,100.3499984741211,102.8499984741211,1179343
2026-04-22,103.38999938964844,103.75,101.19999694824219,102.66000366210938,498982
2026-04-23,103.0,106.54000091552734,102.41000366210938,103.45999908447266,2423554
2026-04-24,104.30000305175781,104.87000274658203,98.48999786376953,99.55999755859375,857563
2026-04-27,100.0,101.5999984741211,96.0999984741211,96.52999877929688,1342662
2026-04-28,96.52999877929688,99.88999938964844,96.44000244140625,98.69000244140625,1062140
2026-04-29,99.18000030517578,101.9800033569336,97.12000274658203,97.58000183105469,927255
2026-04-30,98.0999984741211,98.7300033569336,95.44000244140625,96.12999725341797,556504
2026-05-01,96.12999725341797,96.12999725341797,96.12999725341797,96.12999725341797,0
2026-05-04,96.9000015258789,98.0999984741211,95.7699966430664,96.69999694824219,328711
2026-05-05,96.5,97.41999816894531,94.33999633789062,95.37000274658203,510991
2026-05-06,96.80000305175781,96.80000305175781,94.94999694824219,96.20999908447266,275071
2026-05-07,96.80000305175781,99.19999694824219,96.3499984741211,98.36000061035156,593359
2026-05-08,97.37999725341797,98.87000274658203,97.12999725341797,97.3499984741211,253375
2026-05-11,97.58999633789062,98.0,95.37999725341797,96.66000366210938,320131
2026-05-12,96.98999786376953,97.0,93.69000244140625,94.56999969482422,359098
2026-05-13,94.05000305175781,95.20999908447266,92.5199966430664,93.12999725341797,306781
2026-05-14,93.1500015258789,98.4000015258789,93.1500015258789,97.12000274658203,980612
2026-05-15,97.5,98.0,95.05000305175781,95.5,222433
2026-05-18,94.30000305175781,95.44000244140625,92.5,94.97000122070312,396040
2026-05-19,94.5,95.62999725341797,93.23999786376953,94.1500015258789,315655
2026-05-20,93.33999633789062,95.69000244140625,93.05999755859375,95.25,303344
2026-05-21,95.5,96.0,93.66999816894531,93.91000366210938,210111
2026-05-22,94.94000244140625,95.0,93.55999755859375,94.22000122070312,251828
2026-05-25,94.5999984741211,96.30000305175781,94.4000015258789,95.38999938964844,605607
2026-05-26,95.79000091552734,98.8499984741211,95.79000091552734,97.08999633789062,1071173
2026-05-27,97.62999725341797,97.94999694824219,95.0,95.20999908447266,359476
2026-05-28,95.20999908447266,95.20999908447266,95.20999908447266,95.20999908447266,0
2026-05-29,95.22000122070312,98.4000015258789,94.55999755859375,95.52999877929688,714011
2026-06-01,96.30000305175781,96.54000091552734,93.75,94.05999755859375,216744
2026-06-02,93.66999816894531,96.0,92.45999908447266,95.73999786376953,265807
2026-06-03,96.01000213623047,96.01000213623047,93.80000305175781,94.63999938964844,161557
2026-06-04,94.5,96.0,94.08000183105469,95.16000366210938,173177
2026-06-05,95.5999984741211,98.5,94.5999984741211,96.86000061035156,836504
2026-06-08,97.5,100.88999938964844,95.1500015258789,97.76000213623047,1063128
2026-06-09,98.2699966430664,99.19000244140625,96.44000244140625,97.22000122070312,372834
2026-06-10,97.0,97.79000091552734,95.66000366210938,95.70999908447266,230331
2026-06-11,95.70999908447266,95.70999908447266,93.30999755859375,94.20999908447266,290506
2026-06-12,94.91000366210938,97.4000015258789,94.91000366210938,97.1500015258789,263140
2026-06-15,98.30000305175781,100.77999877929688,98.30000305175781,99.44000244140625,802086
2026-06-16,99.22000122070312,100.0,97.04000091552734,98.91000366210938,520845
2026-06-17,98.11000061035156,103.44999694824219,98.0,101.54000091552734,1687697
2026-06-18,102.12000274658203,109.80000305175781,102.12000274658203,107.05999755859375,4385019
2026-06-19,108.23999786376953,109.38999938964844,104.4800033569336,105.86000061035156,979119
2026-06-22,106.0,108.0,103.5,104.86000061035156,732356
2026-06-23,105.13999938964844,107.9000015258789,102.5,103.6500015258789,554208
2026-06-24,103.6500015258789,104.5,101.5,101.87000274658203,561285
2026-06-25,102.19999694824219,102.83000183105469,98.5199966430664,99.01000213623047,766981
2026-06-26,99.01000213623047,99.01000213623047,99.01000213623047,99.01000213623047,0
2026-06-29,99.0,100.0999984741211,98.05000305175781,98.87999725341797,376648
2026-06-30,99.0999984741211,100.44999694824219,98.97000122070312,99.41999816894531,416467
2026-07-01,99.5199966430664,99.75,98.0,98.18000030517578,244890
2026-07-02,98.19999694824219,103.30000305175781,98.19999694824219,102.37999725341797,716761
2026-07-03,103.0,104.47000122070312,102.12999725341797,102.8499984741211,604158
2026-07-06,102.94999694824219,103.44999694824219,98.69999694824219,99.5999984741211,486726
2026-07-07,99.5999984741211,99.77999877929688,97.75,98.45999908447266,535567
2026-07-08,97.5,98.87999725341797,95.66999816894531,96.19999694824219,440906
2026-07-09,96.19999694824219,103.0,96.19999694824219,101.25,813854
2026-07-10,103.0,106.05999755859375,102.22000122070312,103.13999938964844,1458889
2026-07-13,102.0,109.44999694824219,102.0,108.0999984741211,2842239
2026-07-14,107.4000015258789,108.41000366210938,106.08999633789062,106.80000305175781,843963
2026-07-15,107.0,109.19999694824219,106.1500015258789,106.41000366210938,769689
2026-07-16,106.5,111.69000244140625,105.5999984741211,109.68000030517578,3269740
2026-07-17,109.30000305175781,114.0,108.0199966430664,113.0999984741211,3105406
2026-07-20,115.75,132.8800048828125,111.37000274658203,127.7699966430664,102860780
2026-07-21,128.41000366210938,138.5,121.37000274658203,123.44000244140625,69963117
2026-07-22,123.94999694824219,127.48999786376953,117.20999908447266,120.05999755859375,18102387
2026-07-23,119.5,121.13999938964844,115.5,117.2300033569336,6459440
2026-07-24,116.69999694824219,122.83999633789062,116.25,121.80999755859375,8891160
2026-07-27,122.9000015258789,122.9000015258789,113.75,114.51000213623047,4964378
2026-07-28,114.69000244140625,115.93000030517578,112.80000305175781,113.41000366210938,2383519
2026-07-29,113.5999984741211,115.66000366210938,113.0999984741211,114.52999877929688,1415362
2026-07-30,115.0,115.48999786376953,111.20999908447266,111.80999755859375,1298992
2026-07-31,112.44000244140625,117.37999725341797,111.72000122070312,116.0199966430664,2212524
2026-08-03,117.88999938964844,121.69999694824219,116.93000030517578,120.72000122070312,2334789
2026-08-04,121.31999969482422,123.5,119.70999908447266,122.94000244140625,2481561
2026-08-05,123.66999816894531,124.9000015258789,120.55000305175781,121.48999786376953,1535248
2026-08-06,121.9800033569336,123.30000305175781,120.08000183105469,122.41999816894531,1506377
2026-08-07,122.0999984741211,125.80000305175781,121.11000061035156,123.56999969482422,2585719
2026-08-10,123.97000122070312,127.77999877929688,122.22000122070312,126.13999938964844,2671330
2026-08-11,126.44999694824219,126.44999694824219,121.38999938964844,122.52999877929688,1266451
2026-08-12,122.5,122.86000061035156,120.0999984741211,120.54000091552734,779985
2026-08-13,120.80000305175781,123.44999694824219,120.61000061035156,122.30000305175781,663619
2026-08-14,122.5999984741211,124.19000244140625,121.69999694824219,123.69999694824219,742282
2026-08-17,124.19000244140625,125.5,120.8499984741211,122.88999938964844,858956
2026-08-18,123.0,124.4800033569336,121.19999694824219,122.16999816894531,586505
2026-08-19,122.16000366210938,122.80000305175781,118.44999694824219,119.05000305175781,641179
2026-08-20,119.5,123.69999694824219,119.5,123.2300033569336,924134
2026-08-21,124.0,128.64999389648438,123.2300033569336,125.81999969482422,2795110
2026-08-24,126.77999877929688,127.22000122070312,123.80999755859375,125.26000213623047,1047095
2026-08-25,126.5,131.5,125.20999908447266,129.6199951171875,4645166
2026-08-26,129.6199951171875,129.97999572753906,126.83999633789062,128.35000610351562,1189249
2026-08-27,128.5,128.8000030517578,120.9000015258789,121.43000030517578,2815113
